name,region,gl_type,region_type,area,volume,lat,lon
IC_2, NO, LT, ice_cap, 0.75,      0, 83.46478, -27.36879 
IC_3, NO, LT, ice_cap, 0.01,      0, 83.42904, -27.17277 
IC_4, NO, LT, ice_cap, 0.01,      0, 83.45904, -28.37387 
IC_5, NO, LT, ice_cap, 0.01,      0, 83.43200, -28.79659 
IC_7, NO, LT, ice_cap, 0.01,      0, 83.42940, -28.92040 
IC_9, NO, LT, ice_cap, 0.01,      0, 83.42618, -29.32122 
IC_10, NO, LT, ice_cap, 0.01,      0, 83.41904, -29.13015 
IC_11, NO, LT, ice_cap, 0.06,      0, 83.41144, -28.90847 
IC_12, NO, LT, ice_cap, 0.01,      0, 83.39855, -28.91443 
IC_16, NO, LT, ice_cap, 0.01,      0, 83.58207, -36.99215 
IC_8, NO, LT, ice_cap, 6.26,      0, 83.59058, -36.43134 
IC_15, NO, LT, ice_cap, 0.18,      0, 83.58468, -37.03691 
IC_17, NO, LT, ice_cap, 0.01,      0, 83.34337, -27.95067 
IC_18, NO, LT, ice_cap, 0.01,      0, 83.34195, -27.93782 
IC_13, NO, LT, ice_cap, 8.05,      0, 83.43938, -31.28005 
IC_20, NO, LT, ice_cap, 0.01,      0, 83.31859, -27.74292 
IC_22, NO, LT, ice_cap, 0.01,      0, 83.31744, -27.73771 
IC_21, NO, LT, ice_cap, 0.02,      0, 83.31459, -27.64598 
IC_23, NO, LT, ice_cap, 0.24,      0, 83.31516, -27.75481 
IC_24, NO, LT, ice_cap, 0.04,      0, 83.31142, -27.69793 
IC_25, NO, LT, ice_cap, 0.01,      0, 83.48224, -33.64555 
IC_26, NO, LT, ice_cap, 0.01,      0, 83.46038, -32.72664 
IC_27, NO, LT, ice_cap, 0.05,      0, 83.42192, -31.37733 
IC_29, NO, LT, ice_cap, 0.01,      0, 83.46401, -33.26518 
IC_19, NO, LT, ice_cap, 17.57,      0, 83.54458, -37.38116 
IC_30, NO, LT, ice_cap, 0.01,      0, 83.28546, -27.83913 
IC_14, NO, LT, ice_cap, 14.12,      0, 83.55960, -37.14254 
IC_31, NO, LT, ice_cap, 0.01,      0, 83.43027, -32.65220 
IC_32, NO, LT, ice_cap, 0.02,      0, 83.49654, -35.79613 
IC_33, NO, LT, ice_cap, 0.01,      0, 83.49585, -35.80945 
IC_34, NO, LT, ice_cap, 0.01,      0, 83.43735, -33.13270 
IC_35, NO, LT, ice_cap, 0.01,      0, 83.30270, -28.79833 
IC_37, NO, LT, ice_cap, 0.01,      0, 83.49039, -36.61392 
IC_28, NO, LT, ice_cap, 20.28,      0, 83.36096, -30.40832 
IC_36, NO, LT, ice_cap, 8.61,      0, 83.36744, -31.54403 
IC_38, NO, LT, ice_cap, 0.01,      0, 83.35638, -31.60124 
IC_39, NO, LT, ice_cap, 0.01,      0, 83.35570, -31.61082 
IC_40, NO, LT, ice_cap, 0.02,      0, 83.49569, -38.72843 
IC_42, NO, LT, ice_cap, 0.21,      0, 83.47711, -38.65133 
IC_43, NO, LT, ice_cap, 0.01,      0, 83.46942, -38.59101 
IC_44, NO, LT, ice_cap, 0.01,      0, 83.46902, -38.63211 
IC_45, NO, LT, ice_cap, 0.01,      0, 83.42502, -36.16983 
IC_47, NO, LT, ice_cap, 0.01,      0, 83.44673, -38.48352 
IC_46, NO, LT, ice_cap, 0.04,      0, 83.32440, -32.21924 
IC_48, NO, LT, ice_cap, 0.01,      0, 83.32195, -32.21590 
IC_41, NO, LT, ice_cap, 23.09,      0, 83.33257, -31.93768 
IC_49, NO, LT, ice_cap, 0.03,      0, 83.32230, -32.92818 
IC_53, NO, LT, ice_cap, 0.01,      0, 83.39604, -38.09082 
IC_54, NO, LT, ice_cap, 0.01,      0, 83.31201, -33.91471 
IC_51, NO, LT, ice_cap, 9.82,      0, 83.24514, -31.21126 
IC_56, NO, LT, ice_cap, 0.01,      0, 83.38191, -38.00916 
IC_57, NO, LT, ice_cap, 0.01,      0, 83.11580, -27.60134 
IC_52, NO, LT, ice_cap, 6.41,      0, 83.03544, -25.39923 
IC_58, NO, LT, ice_cap, 19.24,      0, 83.36159, -40.23449 
IC_59, NO, LT, ice_cap, 0.02,      0, 83.39462, -40.30345 
IC_60, NO, LT, ice_cap, 0.01,      0, 83.39240, -40.31305 
IC_62, NO, LT, ice_cap, 0.01,      0, 83.36171, -38.02257 
IC_63, NO, LT, ice_cap, 0.05,      0, 83.35483, -38.10033 
IC_65, NO, LT, ice_cap, 0.02,      0, 83.35330, -38.08351 
IC_66, NO, LT, ice_cap, 0.01,      0, 83.37894, -40.35465 
IC_68, NO, LT, ice_cap, 0.01,      0, 83.23318, -32.57070 
IC_69, NO, LT, ice_cap, 0.02,      0, 83.35436, -39.09045 
IC_71, NO, LT, ice_cap, 0.01,      0, 83.08112, -27.85938 
IC_70, NO, LT, ice_cap, 0.04,      0, 83.04909, -26.99647 
IC_61, NO, LT, ice_cap, 21.77,      0, 83.03413, -26.84114 
IC_72, NO, LT, ice_cap, 0.01,      0, 83.04519, -26.97101 
IC_64, NO, LT, ice_cap, 3.05,      0, 82.99521, -25.55224 
IC_73, NO, LT, ice_cap, 12.01,      0, 82.95853, -25.56302 
IC_76, NO, LT, ice_cap, 0.01,      0, 83.34456, -39.27874 
IC_77, NO, LT, ice_cap, 0.01,      0, 83.35273, -40.12580 
IC_67, NO, LT, ice_cap, 5.35,      0, 83.01410, -26.30829 
IC_74, NO, LT, ice_cap, 6.40,      0, 83.14171, -30.28014 
IC_78, NO, LT, ice_cap, 0.01,      0, 83.30613, -38.63715 
IC_79, NO, LT, ice_cap, 0.01,      0, 82.94509, -25.56100 
IC_80, NO, LT, ice_cap, 0.01,      0, 83.30161, -38.43508 
IC_81, NO, LT, ice_cap, 0.01,      0, 82.94453, -25.57056 
IC_82, NO, LT, ice_cap, 0.14,      0, 82.92357, -25.47957 
IC_83, NO, LT, ice_cap, 0.03,      0, 83.29063, -39.25376 
IC_84, NO, LT, ice_cap, 0.12,      0, 83.30609, -41.34579 
IC_88, NO, LT, ice_cap, 0.01,      0, 83.22760, -36.53230 
IC_89, NO, LT, ice_cap, 0.02,      0, 82.96033, -27.27105 
IC_90, NO, LT, ice_cap, 0.02,      0, 82.96001, -27.28763 
IC_92, NO, LT, ice_cap, 0.01,      0, 83.22207, -37.42879 
IC_94, NO, LT, ice_cap, 0.01,      0, 83.01119, -29.25759 
IC_95, NO, LT, ice_cap, 0.01,      0, 83.01379, -29.36154 
IC_87, NO, LT, ice_cap, 7.94,      0, 82.94272, -27.16546 
IC_96, NO, LT, ice_cap, 0.01,      0, 82.93215, -27.34033 
IC_97, NO, LT, ice_cap, 0.01,      0, 82.93155, -27.34971 
IC_98, NO, LT, ice_cap, 0.01,      0, 82.79784, -24.25896 
IC_99, NO, LT, ice_cap, 0.01,      0, 82.79731, -24.26842 
IC_100, NO, LT, ice_cap, 0.01,      0, 82.93008, -27.36137 
IC_101, NO, LT, ice_cap, 0.01,      0, 82.79710, -24.28473 
IC_102, NO, LT, ice_cap, 0.01,      0, 82.79657, -24.29418 
IC_105, NO, LT, ice_cap, 0.01,      0, 82.79561, -24.33625 
IC_85, NO, LT, ice_cap, 13.79,      0, 83.26997, -41.09820 
IC_103, NO, LT, ice_cap, 11.55,      0, 82.90621, -27.25658 
IC_106, NO, LT, ice_cap, 0.01,      0, 82.78559, -24.31155 
IC_104, NO, LT, ice_cap, 0.64,      0, 83.21621, -39.11361 
IC_86, NO, LT, ice_cap, 13.08,      0, 82.73889, -22.94479 
IC_110, NO, LT, ice_cap, 0.01,      0, 82.98198, -31.96702 
IC_107, NO, LT, ice_cap, 24.14,      0, 83.10006, -36.67979 
IC_113, NO, LT, ice_cap, 0.01,      0, 82.81533, -27.70672 
IC_114, NO, LT, ice_cap, 0.01,      0, 82.81417, -27.70189 
IC_115, NO, LT, ice_cap, 0.01,      0, 83.09210, -38.90473 
IC_111, NO, LT, ice_cap, 4.73,      0, 83.07865, -37.08311 
IC_116, NO, LT, ice_cap, 0.01,      0, 83.08840, -38.97719 
IC_117, NO, LT, ice_cap, 0.01,      0, 83.12268, -43.63635 
IC_118, NO, LT, ice_cap, 0.01,      0, 83.07956, -38.58562 
IC_108, NO, LT, ice_cap, 11.27,      0, 83.10038, -37.51585 
IC_112, NO, LT, ice_cap, 19.60,      0, 83.05981, -38.85749 
IC_121, NO, LT, ice_cap, 0.01,      0, 83.11217, -43.50800 
IC_122, NO, LT, ice_cap, 0.01,      0, 83.11031, -43.50073 
IC_123, NO, LT, ice_cap, 0.01,      0, 83.06233, -38.41005 
IC_124, NO, LT, ice_cap, 0.01,      0, 82.95135, -33.06097 
IC_127, NO, LT, ice_cap, 0.04,      0, 83.06362, -40.63547 
IC_128, NO, LT, ice_cap, 0.01,      0, 83.06238, -40.65152 
IC_120, NO, LT, ice_cap, 11.38,      0, 83.06827, -40.51499 
IC_131, NO, LT, ice_cap, 0.02,      0, 82.89810, -32.68419 
IC_125, NO, LT, ice_cap, 16.42,      0, 83.06365, -45.12570 
IC_132, NO, LT, ice_cap, 0.02,      0, 82.89759, -32.70031 
IC_133, NO, LT, ice_cap, 0.02,      0, 82.89728, -32.72369 
IC_135, NO, LT, ice_cap, 0.02,      0, 83.05625, -45.84834 
IC_136, NO, LT, ice_cap, 0.01,      0, 83.05373, -44.76803 
IC_137, NO, LT, ice_cap, 0.01,      0, 82.89022, -32.67146 
IC_138, NO, LT, ice_cap, 0.02,      0, 82.88982, -32.69119 
IC_130, NO, LT, ice_cap, 5.52,      0, 83.04656, -45.69038 
IC_141, NO, LT, ice_cap, 0.01,      0, 83.00938, -45.49499 
IC_129, NO, LT, ice_cap, 25.83,      0, 82.90941, -33.67180 
IC_142, NO, LT, ice_cap, 0.01,      0, 82.77959, -30.80495 
IC_143, NO, LT, ice_cap, 0.01,      0, 82.74661, -29.86241 
IC_144, NO, LT, ice_cap, 0.01,      0, 82.69172, -28.54479 
IC_147, NO, LT, ice_cap, 0.01,      0, 82.96707, -43.08046 
IC_148, NO, LT, ice_cap, 0.01,      0, 82.96498, -43.02093 
IC_149, NO, LT, ice_cap, 0.01,      0, 82.78757, -32.09980 
IC_150, NO, LT, ice_cap, 0.01,      0, 82.96021, -43.46522 
IC_151, NO, LT, ice_cap, 0.01,      0, 82.83716, -34.32213 
IC_152, NO, LT, ice_cap, 0.01,      0, 82.80145, -32.93881 
IC_154, NO, LT, ice_cap, 0.01,      0, 82.83044, -34.35477 
IC_156, NO, LT, ice_cap, 0.01,      0, 82.62767, -28.02659 
IC_158, NO, LT, ice_cap, 0.01,      0, 81.71483, -13.31922 
IC_159, NO, LT, ice_cap, 0.01,      0, 81.71308, -13.31172 
IC_160, NO, LT, ice_cap, 0.01,      0, 82.73291, -31.25024 
IC_161, NO, LT, ice_cap, 0.01,      0, 82.93479, -46.70128 
IC_162, NO, LT, ice_cap, 0.01,      0, 81.70074, -13.28225 
IC_163, NO, LT, ice_cap, 0.01,      0, 81.68624, -13.27704 
IC_165, NO, LT, ice_cap, 0.01,      0, 82.78959, -34.13260 
IC_166, NO, LT, ice_cap, 0.01,      0, 82.91506, -46.55481 
IC_167, NO, LT, ice_cap, 0.04,      0, 82.78752, -34.12457 
IC_168, NO, LT, ice_cap, 5.96,      0, 82.76137, -34.04312 
IC_170, NO, LT, ice_cap, 0.01,      0, 82.80383, -35.64689 
IC_171, NO, LT, ice_cap, 0.02,      0, 82.76890, -34.16786 
IC_157, NO, LT, ice_cap, 24.40,      0, 82.89485, -40.27518 
IC_172, NO, LT, ice_cap, 0.01,      0, 82.70590, -31.92016 
IC_174, NO, LT, ice_cap, 0.02,      0, 82.88679, -42.92384 
IC_169, NO, LT, ice_cap, 3.41,      0, 82.85935, -39.12695 
IC_175, NO, LT, ice_cap, 0.01,      0, 82.69481, -31.99238 
IC_177, NO, LT, ice_cap, 0.01,      0, 82.74241, -34.04121 
IC_176, NO, LT, ice_cap, 0.20,      0, 82.69057, -32.04085 
IC_178, NO, LT, ice_cap, 0.01,      0, 82.68632, -32.08929 
IC_180, NO, LT, ice_cap, 0.01,      0, 82.68022, -32.20389 
IC_181, NO, LT, ice_cap, 0.01,      0, 82.67953, -32.21252 
IC_173, NO, LT, ice_cap, 5.97,      0, 82.87157, -42.94796 
IC_182, NO, LT, ice_cap, 0.01,      0, 82.82228, -39.99280 
IC_183, NO, LT, ice_cap, 0.01,      0, 82.75101, -35.79704 
IC_184, NO, LT, ice_cap, 0.01,      0, 82.81783, -40.18047 
IC_179, NO, LT, ice_cap, 13.42,      0, 82.84599, -46.18957 
IC_187, NO, LT, ice_cap, 0.02,      0, 82.62997, -32.90925 
IC_188, NO, LT, ice_cap, 0.02,      0, 82.62833, -32.90099 
IC_189, NO, LT, ice_cap, 0.02,      0, 82.62705, -32.88848 
IC_186, NO, LT, ice_cap, 5.56,      0, 82.63668, -32.89368 
IC_190, NO, LT, ice_cap, 0.01,      0, 82.69255, -36.08374 
IC_185, NO, LT, ice_cap, 7.73,      0, 81.72085, -15.55365 
IC_191, NO, LT, ice_cap, 0.01,      0, 82.65175, -35.63872 
IC_192, NO, LT, ice_cap, 0.01,      0, 82.65099, -35.64698 
IC_193, NO, LT, ice_cap, 0.01,      0, 82.64661, -35.61621 
IC_194, NO, LT, ice_cap, 0.01,      0, 82.62425, -35.02023 
IC_195, NO, LT, ice_cap, 0.01,      0, 82.60882, -35.41843 
IC_196, NO, LT, ice_cap, 0.02,      0, 82.60843, -35.40081 
IC_197, NO, LT, ice_cap, 0.01,      0, 81.62130, -15.43920 
IC_199, NO, LT, ice_cap, 0.01,      0, 82.67940, -43.16332 
IC_201, NO, LT, ice_cap, 0.01,      0, 82.54818, -34.87869 
IC_198, NO, LT, ice_cap, 9.26,      0, 82.68249, -43.10072 
IC_202, NO, LT, ice_cap, 0.01,      0, 82.56372, -36.39074 
IC_203, NO, LT, ice_cap, 0.02,      0, 82.51857, -34.63232 
IC_206, NO, LT, ice_cap, 0.02,      0, 82.48055, -34.70332 
IC_207, NO, LT, ice_cap, 0.01,      0, 82.59146, -46.96461 
IC_205, NO, LT, ice_cap, 15.90,      0, 82.57838, -47.14305 
IC_204, NO, LT, ice_cap, 29.97,      0, 82.57356, -41.92992 
IC_212, NO, LT, ice_cap, 0.01,      0, 82.45612, -40.26514 
IC_211, NO, LT, ice_cap, 6.27,      0, 82.44872, -49.46268 
IC_217, NO, LT, ice_cap, 0.01,      0, 82.39330, -51.75425 
IC_219, NO, LT, ice_cap, 0.02,      0, 82.35668, -36.88114 
IC_220, NO, LT, ice_cap, 0.01,      0, 82.35427, -36.80347 
IC_221, NO, LT, ice_cap, 0.01,      0, 82.42232, -46.46737 
IC_216, NO, LT, ice_cap, 8.17,      0, 82.39642, -50.83970 
IC_214, NO, LT, ice_cap, 18.66,      0, 82.42411, -40.74176 
IC_215, NO, LT, ice_cap, 18.37,      0, 82.43789, -45.98611 
IC_222, NO, LT, ice_cap, 0.01,      0, 82.39185, -41.12682 
IC_218, NO, LT, ice_cap, 8.12,      0, 82.41812, -46.62068 
IC_225, NO, LT, ice_cap, 14.08,      0, 82.33753, -40.68726 
IC_227, NO, LT, ice_cap, 0.01,      0, 82.22540, -55.85564 
IC_228, NO, LT, ice_cap, 0.18,      0, 82.22356, -55.80654 
IC_229, NO, LT, ice_cap, 0.01,      0, 82.22132, -55.76000 
IC_230, NO, LT, ice_cap, 0.01,      0, 82.22059, -55.75206 
IC_231, NO, LT, ice_cap, 0.17,      0, 82.21641, -55.71777 
IC_234, NO, LT, ice_cap, 0.01,      0, 81.95425, -27.09017 
IC_226, NO, LT, ice_cap, 8.45,      0, 82.35142, -45.73466 
IC_240, NO, LT, ice_cap, 0.01,      0, 81.98983, -28.23729 
IC_223, NO, LT, ice_cap, 28.38,      0, 82.33628, -49.93197 
IC_239, NO, LT, ice_cap, 0.48,      0, 82.28602, -39.07181 
IC_244, NO, LT, ice_cap, 0.01,      0, 82.24863, -37.30833 
IC_245, NO, LT, ice_cap, 0.01,      0, 81.94221, -27.48940 
IC_235, NO, LT, ice_cap, 13.17,      0, 81.93686, -27.29041 
IC_246, NO, LT, ice_cap, 0.01,      0, 82.10749, -58.11198 
IC_232, NO, LT, ice_cap, 9.35,      0, 82.18917, -55.58713 
IC_247, NO, LT, ice_cap, 0.01,      0, 82.10879, -57.55821 
IC_249, NO, LT, ice_cap, 0.01,      0, 82.10919, -32.51656 
IC_241, NO, LT, ice_cap, 14.76,      0, 82.27240, -39.57710 
IC_242, NO, LT, ice_cap, 9.96,      0, 82.27595, -49.95145 
IC_251, NO, LT, ice_cap, 0.02,      0, 82.25602, -49.93355 
IC_243, NO, LT, ice_cap, 8.02,      0, 82.20449, -54.04988 
IC_233, NO, LT, ice_cap, 23.19,      0, 82.18924, -55.00105 
IC_253, NO, LT, ice_cap, 0.04,      0, 82.03896, -31.08925 
IC_252, NO, LT, ice_cap, 5.08,      0, 81.58773, -21.77763 
IC_254, NO, LT, ice_cap, 0.01,      0, 82.03403, -31.15268 
IC_256, NO, LT, ice_cap, 0.01,      0, 82.03375, -31.25557 
IC_257, NO, LT, ice_cap, 0.19,      0, 82.03001, -31.18356 
IC_248, NO, LT, ice_cap, 9.60,      0, 82.27494, -45.33169 
IC_259, NO, LT, ice_cap, 0.01,      0, 82.03836, -31.53407 
IC_261, NO, LT, ice_cap, 0.01,      0, 82.03726, -31.52916 
IC_262, NO, LT, ice_cap, 0.01,      0, 82.03593, -31.51781 
IC_265, NO, LT, ice_cap, 0.01,      0, 81.59961, -22.26772 
IC_268, NE, LT, ice_cap, 0.01,      0, 81.27510, -17.91403 
IC_258, NO, LT, ice_cap, 5.00,      0, 82.14918, -54.04001 
IC_270, NE, LT, ice_cap, 0.01,      0, 81.28390, -18.06791 
IC_271, NE, LT, ice_cap, 0.01,      0, 81.28976, -18.21132 
IC_272, NE, LT, ice_cap, 0.01,      0, 81.28935, -18.21947 
IC_273, NE, LT, ice_cap, 0.01,      0, 81.28232, -18.14110 
IC_264, NO, LT, ice_cap, 8.26,      0, 81.56967, -22.05913 
IC_274, NE, LT, ice_cap, 0.01,      0, 81.28110, -18.15197 
IC_275, NE, LT, ice_cap, 0.01,      0, 81.27987, -18.16284 
IC_276, NE, LT, ice_cap, 0.02,      0, 81.27824, -18.17507 
IC_277, NE, LT, ice_cap, 0.01,      0, 81.27743, -18.18457 
IC_266, NO, LT, ice_cap, 8.89,      0, 81.52462, -21.53336 
IC_260, NO, LT, ice_cap, 10.75,      0, 82.22771, -46.12549 
IC_278, NO, LT, ice_cap, 0.01,      0, 81.82790, -27.53978 
IC_279, NO, LT, ice_cap, 0.02,      0, 81.98708, -31.95722 
IC_281, NO, LT, ice_cap, 0.03,      0, 81.72001, -25.71131 
IC_282, NO, LT, ice_cap, 0.01,      0, 81.81616, -27.79552 
IC_283, NO, LT, ice_cap, 0.01,      0, 81.71748, -25.70619 
IC_284, NO, LT, ice_cap, 0.02,      0, 81.71279, -25.62305 
IC_285, NO, LT, ice_cap, 13.60,      0, 81.69201, -25.78462 
IC_286, NE, LT, ice_cap, 0.01,      0, 81.25123, -18.42011 
IC_288, NE, LT, ice_cap, 0.01,      0, 81.48568, -21.91052 
IC_269, NO, LT, ice_cap, 21.96,      0, 82.18678, -46.65017 
IC_280, NO, LT, ice_cap, 7.49,      0, 82.17148, -44.69530 
IC_289, NO, LT, ice_cap, 0.17,      0, 81.94797, -31.89258 
IC_290, NO, LT, ice_cap, 0.05,      0, 81.94491, -31.93069 
IC_291, NO, LT, ice_cap, 0.03,      0, 81.94265, -31.94431 
IC_296, NO, LT, ice_cap, 0.01,      0, 81.58449, -24.17556 
IC_297, NE, LT, ice_cap, 0.04,      0, 81.21731, -18.63522 
IC_294, NO, LT, ice_cap, 6.02,      0, 81.82288, -29.19787 
IC_299, NE, LT, ice_cap, 0.01,      0, 81.50589, -23.11722 
IC_301, NE, LT, ice_cap, 0.01,      0, 80.85425, -14.54104 
IC_302, NO, LT, ice_cap, 0.01,      0, 81.57877, -24.49863 
IC_295, NO, LT, ice_cap, 7.16,      0, 81.57715, -24.26083 
IC_304, NO, LT, ice_cap, 0.01,      0, 81.94667, -33.60391 
IC_305, NO, LT, ice_cap, 0.01,      0, 81.90795, -32.31158 
IC_307, NE, LT, ice_cap, 0.01,      0, 81.47740, -23.05422 
IC_308, NE, LT, ice_cap, 0.01,      0, 80.89513, -15.22743 
IC_309, NE, LT, ice_cap, 0.01,      0, 81.47689, -23.06228 
IC_312, NE, LT, ice_cap, 0.02,      0, 81.40796, -22.14876 
IC_314, NO, LT, ice_cap, 0.01,      0, 81.88675, -32.50543 
IC_313, NE, LT, ice_cap, 0.12,      0, 81.40780, -22.18587 
IC_311, NO, LT, ice_cap, 29.80,      0, 81.78902, -30.45296 
IC_316, NO, LT, ice_cap, 0.01,      0, 82.04847, -49.40431 
IC_319, NE, LT, ice_cap, 0.02,      0, 81.47169, -23.49289 
IC_298, NO, LT, ice_cap, 27.74,      0, 81.77979, -29.23426 
IC_320, NE, LT, ice_cap, 0.01,      0, 81.51891, -24.39113 
IC_325, NO, LT, ice_cap, 0.02,      0, 81.53136, -24.75189 
IC_323, NE, LT, ice_cap, 0.11,      0, 81.44742, -23.26534 
IC_326, NO, LT, ice_cap, 0.01,      0, 82.04814, -43.82110 
IC_327, NE, LT, ice_cap, 0.01,      0, 81.44721, -23.36194 
IC_328, NO, LT, ice_cap, 0.01,      0, 81.88004, -33.34061 
IC_310, NO, LT, ice_cap, 6.19,      0, 81.54927, -24.77879 
IC_315, NO, LT, ice_cap, 10.22,      0, 82.03622, -49.34466 
IC_330, NO, LT, ice_cap, 0.02,      0, 81.52954, -24.86272 
IC_333, NE, LT, ice_cap, 0.01,      0, 80.85441, -15.51319 
IC_336, NO, LT, ice_cap, 0.12,      0, 81.85341, -33.03781 
IC_337, NO, LT, ice_cap, 0.01,      0, 82.01113, -47.76750 
IC_321, NO, LT, ice_cap, 6.56,      0, 81.96925, -52.45044 
IC_341, NO, LT, ice_cap, 0.02,      0, 82.00876, -45.37338 
IC_342, NO, LT, ice_cap, 0.01,      0, 82.00738, -45.37992 
IC_318, NO, LT, ice_cap, 29.08,      0, 81.96465, -52.73698 
IC_331, NO, LT, ice_cap, 13.32,      0, 82.01886, -45.83438 
IC_349, NO, LT, ice_cap, 0.01,      0, 81.98975, -44.46269 
IC_324, NE, LT, ice_cap, 10.76,      0, 81.20130, -20.11324 
IC_339, NO, LT, ice_cap, 10.62,      0, 81.88259, -54.68517 
IC_353, NO, LT, ice_cap, 0.01,      0, 81.97618, -44.66105 
IC_322, NO, LT, ice_cap, 29.04,      0, 81.98187, -50.35747 
IC_356, NE, LT, ice_cap, 0.01,      0, 81.08382, -19.18296 
IC_340, NO, LT, ice_cap, 8.25,      0, 81.94927, -50.82481 
IC_345, NE, LT, ice_cap, 6.72,      0, 80.76099, -15.16743 
IC_347, NO, LT, ice_cap, 5.22,      0, 81.98002, -45.86610 
IC_358, NE, LT, ice_cap, 0.02,      0, 80.91631, -17.21345 
IC_352, NO, LT, ice_cap, 4.71,      0, 81.80611, -56.34491 
IC_360, NO, LT, ice_cap, 0.01,      0, 81.62166, -28.70791 
IC_363, NO, LT, ice_cap, 0.01,      0, 81.94415, -45.06883 
IC_346, NO, LT, ice_cap, 12.56,      0, 81.94529, -49.84585 
IC_344, NO, LT, ice_cap, 26.91,      0, 81.63479, -28.81425 
IC_335, NO, LT, ice_cap, 25.10,      0, 81.97305, -47.68340 
IC_365, NO, LT, ice_cap, 0.01,      0, 81.60083, -28.69064 
IC_355, NO, LT, ice_cap, 9.14,      0, 81.83042, -54.96998 
IC_354, NE, LT, ice_cap, 15.10,      0, 81.30771, -22.70739 
IC_351, NE, LT, ice_cap, 22.11,      0, 81.42019, -24.53703 
IC_369, NE, LT, ice_cap, 0.01,      0, 81.35346, -24.08699 
IC_370, NE, LT, ice_cap, 0.01,      0, 81.42637, -25.44331 
IC_359, NO, LT, ice_cap, 13.61,      0, 81.91635, -49.13773 
IC_374, NE, LT, ice_cap, 0.01,      0, 81.41757, -25.51646 
IC_364, NO, LT, ice_cap, 5.47,      0, 81.89611, -49.72357 
IC_379, NE, LT, ice_cap, 0.02,      0, 81.39581, -25.37259 
IC_372, NO, LT, ice_cap, 5.06,      0, 81.78184, -54.84111 
IC_380, NE, LT, ice_cap, 0.01,      0, 80.77690, -16.49847 
IC_381, NO, LT, ice_cap, 0.01,      0, 81.88811, -44.92514 
IC_383, NO, LT, ice_cap, 0.01,      0, 81.64968, -31.43995 
IC_384, NE, LT, ice_cap, 0.01,      0, 80.82467, -17.17809 
IC_367, NO, LT, ice_cap, 21.99,      0, 81.86870, -50.16417 
IC_378, NO, LT, ice_cap, 8.89,      0, 81.72402, -56.05871 
IC_377, NE, LT, ice_cap, 5.14,      0, 81.05275, -20.18294 
IC_375, NO, LT, ice_cap, 10.93,      0, 81.71790, -56.29093 
IC_388, NO, LT, ice_cap, 0.01,      0, 81.84039, -47.10050 
IC_389, NO, LT, ice_cap, 0.04,      0, 81.77126, -52.06055 
IC_390, NO, LT, ice_cap, 0.01,      0, 81.82710, -47.18112 
IC_385, NE, LT, ice_cap, 5.94,      0, 81.30735, -24.82651 
IC_386, NO, LT, ice_cap, 6.16,      0, 81.80290, -50.15000 
IC_395, NO, LT, ice_cap, 0.01,      0, 81.69652, -54.18685 
IC_398, NE, LT, ice_cap, 0.01,      0, 81.32033, -25.92453 
IC_400, NE, LT, ice_cap, 0.01,      0, 81.14296, -22.84940 
IC_401, NE, LT, ice_cap, 0.09,      0, 81.14144, -22.86913 
IC_391, NO, LT, ice_cap, 9.93,      0, 81.78614, -48.86799 
IC_403, NE, LT, ice_cap, 0.01,      0, 81.13959, -22.89047 
IC_404, NE, LT, ice_cap, 0.01,      0, 81.13908, -22.89823 
IC_408, NE, LT, ice_cap, 0.01,      0, 81.26161, -25.31549 
IC_407, NE, LT, ice_cap, 6.63,      0, 81.16791, -24.00050 
IC_410, NE, LT, ice_cap, 0.01,      0, 81.30661, -26.39221 
IC_406, NE, LT, ice_cap, 8.14,      0, 81.26431, -25.44293 
IC_399, NO, LT, ice_cap, 9.35,      0, 81.62860, -55.53553 
IC_411, NE, LT, ice_cap, 0.02,      0, 81.24580, -25.50945 
IC_412, NE, LT, ice_cap, 0.01,      0, 81.27537, -26.16130 
IC_402, NE, LT, ice_cap, 26.09,      0, 81.12114, -23.08834 
IC_413, NE, LT, ice_cap, 0.76,      0, 81.10556, -23.34462 
IC_396, NO, LT, ice_cap, 13.77,      0, 81.73041, -49.79246 
IC_416, NO, LT, ice_cap, 0.05,      0, 81.69397, -49.74976 
IC_415, NE, LT, ice_cap, 4.92,      0, 81.29118, -27.02533 
IC_414, NE, LT, ice_cap, 7.99,      0, 81.09197, -23.45751 
IC_423, NO, LT, ice_cap, 0.01,      0, 81.64202, -50.76811 
IC_418, NO, LT, ice_cap, 5.01,      0, 81.64025, -51.77366 
IC_426, NO, LT, ice_cap, 0.01,      0, 81.61250, -51.74827 
IC_419, NO, LT, ice_cap, 6.20,      0, 81.56719, -54.33136 
IC_427, NE, LT, ice_cap, 0.01,      0, 81.21027, -26.59164 
IC_429, NE, LT, ice_cap, 0.01,      0, 81.17460, -25.92379 
IC_431, NE, LT, ice_cap, 0.01,      0, 81.16201, -25.72447 
IC_421, NO, LT, ice_cap, 5.68,      0, 81.52688, -55.61299 
IC_425, NE, LT, ice_cap, 23.80,      0, 81.15532, -25.89963 
IC_420, NO, LT, ice_cap, 6.66,      0, 81.56680, -54.17457 
IC_432, NE, LT, ice_cap, 0.01,      0, 80.86150, -21.02021 
IC_422, NO, LT, ice_cap, 5.99,      0, 81.61362, -51.41585 
IC_424, NE, LT, ice_cap, 21.58,      0, 81.10535, -24.76733 
IC_428, NE, LT, ice_cap, 7.67,      0, 81.07521, -24.46968 
IC_438, NE, LT, ice_cap, 0.01,      0, 81.12474, -25.80890 
IC_430, NE, LT, ice_cap, 26.17,      0, 80.60555, -18.09817 
IC_436, NE, LT, ice_cap, 5.90,      0, 80.43236, -16.16337 
IC_435, NO, LT, ice_cap, 5.92,      0, 81.42139, -57.23347 
IC_444, NE, LT, ice_cap, 0.01,      0, 80.68981, -19.64816 
IC_437, NO, LT, ice_cap, 6.96,      0, 81.43777, -56.20924 
IC_445, NO, LT, ice_cap, 0.01,      0, 81.40538, -56.44968 
IC_446, NE, LT, ice_cap, 0.01,      0, 81.10330, -26.22730 
IC_447, NE, LT, ice_cap, 0.01,      0, 80.37838, -16.10042 
IC_448, NE, LT, ice_cap, 0.01,      0, 80.80596, -21.50063 
IC_451, NE, LT, ice_cap, 0.01,      0, 81.10549, -26.56693 
IC_439, NE, LT, ice_cap, 12.17,      0, 81.10713, -26.06465 
IC_452, NE, LT, ice_cap, 0.01, 1421696, 81.08024, -26.10279 
IC_440, NO, LT, ice_cap, 8.25,      0, 81.47654, -53.85798 
IC_453, NE, LT, ice_cap, 0.01,      0, 81.10404, -26.57631 
IC_455, NE, LT, ice_cap, 0.01,      0, 81.10346, -26.58382 
IC_459, NE, LT, ice_cap, 0.01,      0, 81.14128, -27.45454 
IC_460, NE, LT, ice_cap, 0.01,      0, 81.08951, -26.46388 
IC_449, NO, LT, ice_cap, 0.84,      0, 81.12378, -62.98694 
IC_461, NO, LT, ice_cap, 0.01,      0, 81.40799, -55.28314 
IC_456, NE, LT, ice_cap, 24.21,      0, 81.07326, -26.64247 
IC_463, NO, LT, ice_cap, 0.01,      0, 81.11588, -62.74909 
IC_465, NE, LT, ice_cap, 0.01,      0, 81.05755, -26.37091 
IC_458, NO, LT, ice_cap, 5.40,      0, 81.39930, -55.21677 
IC_469, NO, LT, ice_cap, 0.01,      0, 81.07150, -63.28538 
IC_462, NE, LT, ice_cap, 7.63,      0, 81.01832, -25.52590 
IC_466, NE, LT, ice_cap, 0.32,      0, 81.05203, -26.39085 
IC_470, NE, LT, ice_cap, 0.01,      0, 81.04973, -26.40652 
IC_450, NO, LT, ice_cap, 10.08,      0, 81.38911, -55.60539 
IC_457, NO, LT, ice_cap, 6.52,      0, 81.31518, -57.81552 
IC_441, NO, LT, ice_cap, 19.31,      0, 81.37541, -56.89644 
IC_472, NE, LT, ice_cap, 0.01,      0, 81.05031, -26.73479 
IC_473, NE, LT, ice_cap, 0.01,      0, 81.04972, -26.74223 
IC_468, NE, LT, ice_cap, 8.72,      0, 81.00946, -25.82490 
IC_474, NE, LT, ice_cap, 0.01,      0, 80.58063, -19.53629 
IC_476, NE, LT, ice_cap, 0.01,      0, 80.99427, -25.87551 
IC_477, NE, LT, ice_cap, 0.10,      0, 80.54974, -19.32260 
IC_471, NE, LT, ice_cap, 7.17,      0, 80.57432, -19.43188 
IC_479, NE, LT, ice_cap, 0.01,      0, 80.98968, -26.09634 
IC_480, NO, LT, ice_cap, 0.01,      0, 81.39251, -52.85426 
IC_481, NO, LT, ice_cap, 0.01,      0, 81.00358, -63.60565 
IC_475, NE, LT, ice_cap, 6.22,      0, 80.98847, -25.97435 
IC_482, NO, LT, ice_cap, 0.01,      0, 81.36986, -53.26593 
IC_478, NE, LT, ice_cap, 7.32,      0, 80.54614, -19.58228 
IC_483, NO, LT, ice_cap, 0.01,      0, 80.96706, -63.47191 
IC_484, NO, LT, ice_cap, 0.01,   3750, 80.89962, -64.50068 
IC_485, NO, LT, ice_cap, 0.02,      0, 80.89830, -64.50695 
IC_488, NO, LT, ice_cap, 0.01,      0, 80.85527, -64.75109 
IC_489, NE, LT, ice_cap, 0.01,      0, 80.93279, -26.70496 
IC_486, NE, LT, ice_cap, 23.19,      0, 80.48834, -19.83090 
IC_491, NE, LT, ice_cap, 0.01,      0, 80.87624, -26.53029 
IC_492, NE, LT, ice_cap, 0.01,      0, 80.24655, -17.53363 
IC_493, NE, LT, ice_cap, 0.01,      0, 80.24531, -17.53133 
IC_494, NE, LT, ice_cap, 0.01,      0, 80.55605, -21.51670 
IC_495, NE, LT, ice_cap, 0.01,      0, 80.55558, -21.52405 
IC_496, NE, LT, ice_cap, 0.01,      0, 80.55510, -21.53140 
IC_497, NE, LT, ice_cap, 0.01,      0, 80.87787, -27.26955 
IC_498, NE, LT, ice_cap, 0.01,      0, 80.22315, -17.69029 
IC_499, NE, LT, ice_cap, 0.01,      0, 80.86958, -27.20126 
IC_500, NE, LT, ice_cap, 0.01,      0, 80.84253, -26.75279 
IC_502, NE, LT, ice_cap, 0.01,      0, 80.39294, -19.92503 
IC_490, NE, LT, ice_cap, 20.24,      0, 80.74287, -24.64952 
IC_503, NE, LT, ice_cap, 0.01,      0, 80.73267, -25.00157 
IC_505, NO, LT, ice_cap, 0.01,      0, 80.74381, -64.75681 
IC_506, NE, LT, ice_cap, 0.01,      0, 80.72562, -24.98116 
IC_507, NO, LT, ice_cap, 0.01,      0, 80.89417, -61.83444 
IC_508, NO, LT, ice_cap, 0.01,      0, 80.84045, -61.89491 
IC_509, NO, LT, ice_cap, 0.01,      0, 80.71294, -64.20596 
IC_501, NE, LT, ice_cap, 28.69,      0, 80.46817, -21.44350 
IC_510, NE, LT, ice_cap, 0.01,      0, 80.42840, -21.50748 
IC_511, NE, LT, ice_cap, 0.01,      0, 80.42720, -21.50462 
IC_512, NE, LT, ice_cap, 0.01,      0, 80.64046, -24.82972 
IC_504, NE, LT, ice_cap, 28.66, 483937, 80.68186, -24.94300 
IC_513, NO, LT, ice_cap, 0.01,      0, 80.63196, -65.06710 
IC_514, NO, LT, ice_cap, 0.04,  24748, 80.66888, -64.37046 
IC_517, NO, LT, ice_cap, 0.01,      0, 80.75672, -62.42369 
IC_520, NO, LT, ice_cap, 0.01,      0, 80.77363, -61.94774 
IC_521, NO, LT, ice_cap, 0.01,      0, 80.77222, -61.95701 
IC_518, NE, LT, ice_cap, 0.31,      0, 80.28026, -20.19343 
IC_522, NE, LT, ice_cap, 0.02,      0, 80.27560, -20.18980 
IC_515, NO, LT, ice_cap, 19.18,      0, 80.72991, -62.63977 
IC_524, NE, LT, ice_cap, 0.01, 104064, 80.14460, -18.84320 
IC_519, NE, LT, ice_cap, 11.55,      0, 80.16331, -19.06062 
IC_523, NE, LT, ice_cap, 12.02,      0, 80.17088, -19.31726 
IC_530, NE, LT, ice_cap, 0.01,      0, 80.21766, -20.35917 
IC_531, NE, LT, ice_cap, 0.01, 170257, 79.97176, -17.48785 
IC_528, NE, LT, ice_cap, 23.32,      0, 80.30976, -22.03872 
IC_532, NO, LT, ice_cap, 0.01,      0, 80.51850, -65.07037 
IC_526, NE, LT, ice_cap, 17.47,      0, 80.12225, -19.02482 
IC_525, NO, LT, ice_cap, 21.33,   1770, 80.70545, -61.65195 
IC_536, NE, LT, ice_cap, 0.01,      0, 79.95181, -17.70111 
IC_537, NE, LT, ice_cap, 0.01,      0, 79.95142, -17.70818 
IC_529, NO, LT, ice_cap, 9.77, 209051, 80.68863, -61.80599 
IC_533, NO, LT, ice_cap, 6.36,      0, 80.62660, -62.68491 
IC_534, NE, LT, ice_cap, 6.54,      0, 80.09151, -19.29133 
IC_540, NE, LT, ice_cap, 0.02,      0, 80.01515, -19.15929 
IC_541, NO, LT, ice_cap, 0.01,  20224, 80.33514, -66.19863 
IC_542, NO, LT, ice_cap, 0.01,      0, 80.33462, -66.19156 
IC_544, NE, LT, ice_cap, 0.01,   1182, 80.13821, -21.06440 
IC_545, NE, LT, ice_cap, 0.01,      0, 80.13997, -21.10081 
IC_546, NE, LT, ice_cap, 0.02,      0, 80.13649, -21.07472 
IC_547, NO, LT, ice_cap, 0.01,   9211, 80.45118, -64.13055 
IC_543, NE, LT, ice_cap, 13.72,      0, 80.11730, -21.01334 
IC_539, NO, LT, ice_cap, 19.81,      0, 80.33741, -65.99612 
IC_548, NO, LT, ice_cap, 0.01,      0, 80.32740, -65.80093 
IC_549, NO, LT, ice_cap, 0.01,      0, 80.42561, -64.15309 
IC_550, NO, LT, ice_cap, 0.02,      0, 80.29203, -66.09078 
IC_553, NO, LT, ice_cap, 0.01,      0, 80.39099, -64.06365 
IC_552, NO, LT, ice_cap, 6.99,      0, 80.48987, -62.21961 
IC_554, NO, LT, ice_cap, 0.01,      0, 80.26730, -65.80512 
IC_555, NE, LT, ice_cap, 0.01,      0, 79.93469, -19.68100 
IC_559, NE, LT, ice_cap, 0.01,   1022, 80.05378, -21.65722 
IC_560, NO, LT, ice_cap, 0.01,      0, 80.27809, -64.99540 
IC_561, NO, LT, ice_cap, 0.01,      0, 80.20313, -66.15778 
IC_562, NO, LT, ice_cap, 0.01,      0, 80.27754, -64.98844 
IC_563, NO, LT, ice_cap, 0.01,      0, 80.27699, -64.98148 
IC_565, NO, LT, ice_cap, 0.01,    919, 80.27871, -64.92166 
IC_566, NE, LT, ice_cap, 0.01,      0, 80.04317, -21.60867 
IC_556, NO, LT, ice_cap, 6.13,      0, 80.31524, -64.50481 
IC_567, NO, LT, ice_cap, 0.01,      0, 80.33797, -63.83910 
IC_571, NO, LT, ice_cap, 0.01,    741, 80.17811, -66.16441 
IC_570, NE, LT, ice_cap, 0.09,  34202, 79.81214, -18.99913 
IC_572, NO, LT, ice_cap, 1.03,      0, 80.17212, -66.13757 
IC_573, NE, LT, ice_cap, 0.02,      0, 79.81836, -19.10235 
IC_569, NO, LT, ice_cap, 0.40,      0, 80.18061, -66.13291 
IC_564, NE, LT, ice_cap, 9.08,    942, 79.93831, -20.45462 
IC_574, NO, LT, ice_cap, 0.01,      0, 80.12083, -66.69479 
IC_575, NO, LT, ice_cap, 0.02,      0, 80.16007, -66.08044 
IC_576, NO, LT, ice_cap, 0.01,      0, 80.15569, -66.10216 
IC_577, NO, LT, ice_cap, 0.02,      0, 80.15533, -66.09273 
IC_579, NO, LT, ice_cap, 0.01,    776, 80.24847, -64.56956 
IC_580, NO, LT, ice_cap, 0.01,  51724, 80.22107, -64.97089 
IC_581, NE, LT, ice_cap, 0.01,      0, 79.70011, -18.13832 
IC_578, NO, LT, ice_cap, 0.11,   8783, 80.10380, -66.77850 
IC_582, NO, LT, ice_cap, 0.01,      0, 80.10416, -66.73656 
IC_568, NO, LT, ice_cap, 17.86,      0, 80.10799, -66.60645 
IC_583, NO, LT, ice_cap, 0.01,      0, 80.10685, -66.63948 
IC_584, NO, LT, ice_cap, 0.01,      0, 80.20854, -65.04734 
IC_585, NE, LT, ice_cap, 0.01,      0, 79.70184, -18.25969 
IC_586, NO, LT, ice_cap, 0.01,      0, 80.14687, -65.96753 
IC_590, NO, LT, ice_cap, 0.01,      0, 80.16069, -65.04794 
IC_587, NO, LT, ice_cap, 16.46,      0, 80.24515, -63.84385 
IC_591, NO, LT, ice_cap, 0.01,      0, 80.11022, -65.56635 
IC_592, NO, LT, ice_cap, 0.02,      0, 80.10609, -65.60005 
IC_593, NE, LT, ice_cap, 0.01,    524, 79.90575, -21.60032 
IC_594, NO, LT, ice_cap, 0.01,      0, 80.08709, -65.77191 
IC_595, NO, LT, ice_cap, 0.01,      0, 80.06160, -66.03980 
IC_596, NE, LT, ice_cap, 0.01,      0, 79.90831, -21.95243 
IC_598, NE, LT, ice_cap, 0.01,   2374, 79.72447, -20.77869 
IC_597, NE, LT, ice_cap, 5.36,      0, 79.72000, -20.85198 
IC_600, NO, LT, ice_cap, 0.01,      0, 80.10514, -63.36075 
IC_601, NO, LT, ice_cap, 0.01,    519, 80.10456, -63.35401 
IC_602, NO, LT, ice_cap, 0.01,    470, 80.10398, -63.34727 
IC_603, NO, LT, ice_cap, 0.02,    491, 80.10354, -63.33800 
IC_605, NO, LT, ice_cap, 0.01,      0, 80.13169, -61.49515 
IC_606, NO, LT, ice_cap, 0.01,      0, 80.13107, -61.48851 
IC_609, NE, LT, ice_cap, 0.01,      0, 79.37700, -20.20388 
IC_612, NE, LT, ice_cap, 0.01,  26004, 79.35128, -20.51874 
IC_610, NE, LT, ice_cap, 5.63,      0, 79.28735, -19.84246 
IC_614, NE, LT, ice_cap, 0.01,      0, 79.29258, -20.13696 
IC_611, NE, LT, ice_cap, 24.02,    461, 79.23225, -19.50617 
IC_615, NE, LT, ice_cap, 11.42,  16830, 79.28253, -20.73663 
IC_616, NE, LT, ice_cap, 0.01,      0, 79.19054, -19.91561 
IC_617, NE, LT, ice_cap, 0.02,      0, 79.18686, -19.91401 
IC_618, NE, LT, ice_cap, 0.01,      0, 79.27511, -21.14661 
IC_620, NE, LT, ice_cap, 0.01,      0, 79.24707, -21.25589 
IC_619, NE, LT, ice_cap, 0.02,  20955, 79.14407, -20.03637 
IC_621, NE, LT, ice_cap, 0.12,      0, 79.26766, -21.60411 
IC_622, NE, LT, ice_cap, 0.04,      0, 79.26330, -21.59952 
IC_623, NE, LT, ice_cap, 0.02,      0, 79.26053, -21.59925 
IC_625, NE, LT, ice_cap, 0.01,      0, 79.13303, -20.25079 
IC_624, NE, LT, ice_cap, 24.46,   3957, 79.10804, -20.16926 
IC_626, NE, LT, ice_cap, 0.02,      0, 79.09583, -20.27485 
IC_628, NE, LT, ice_cap, 0.01,      0, 79.08510, -20.25574 
IC_627, NE, LT, ice_cap, 0.05,      0, 79.08370, -20.24210 
IC_630, NE, LT, ice_cap, 0.01,    340, 79.07282, -20.25368 
IC_629, NE, LT, ice_cap, 8.88,   3404, 79.05502, -20.21518 
IC_631, NE, LT, ice_cap, 0.01,   1207, 79.03595, -20.18942 
IC_632, NE, LT, ice_cap, 0.01,  14574, 78.79519, -19.52624 
IC_634, NE, LT, ice_cap, 0.04,      0, 78.77066, -19.67716 
IC_633, NE, LT, ice_cap, 6.90,    340, 78.77871, -19.58388 
IC_636, NE, LT, ice_cap, 0.01,      0, 78.25301, -19.10825 
IC_635, NE, LT, ice_cap, 8.44,    319, 78.23325, -19.09034 
IC_637, NE, LT, ice_cap, 0.04,    303, 78.21340, -19.21349 
IC_639, NE, LT, ice_cap, 0.01,    287, 77.64570, -18.02388 
IC_640, NE, LT, ice_cap, 5.61,    266, 77.79958, -19.70642 
IC_644, NE, LT, ice_cap, 0.01,      0, 77.76847, -19.92741 
IC_645, NE, LT, ice_cap, 0.01,      0, 77.82028, -20.49911 
IC_646, NE, LT, ice_cap, 0.03,      0, 77.75464, -19.86603 
IC_647, NE, LT, ice_cap, 0.02,    253, 77.71442, -19.47949 
IC_642, NE, LT, ice_cap, 13.56,      0, 77.81598, -20.58189 
IC_648, NE, LT, ice_cap, 0.01,    230, 77.67907, -19.25265 
IC_649, NE, LT, ice_cap, 0.01,      0, 77.67864, -19.25836 
IC_650, NE, LT, ice_cap, 0.01,      0, 77.81828, -20.69819 
IC_651, NE, LT, ice_cap, 0.01,  16840, 77.81082, -20.66196 
IC_652, NE, LT, ice_cap, 0.12,      0, 77.72105, -19.79985 
IC_653, NE, LT, ice_cap, 0.01,    252, 77.63680, -19.18693 
IC_654, NE, LT, ice_cap, 0.01,      0, 77.63558, -19.18495 
IC_655, NE, LT, ice_cap, 7.43,    228, 77.61814, -19.21073 
IC_656, NE, LT, ice_cap, 0.01,    244, 77.63155, -19.16565 
IC_658, NE, LT, ice_cap, 0.01,   5482, 77.69813, -19.86898 
IC_659, NE, LT, ice_cap, 0.03,      0, 77.69652, -19.86305 
IC_657, NE, LT, ice_cap, 0.38,    181, 77.69473, -19.83400 
IC_660, NE, LT, ice_cap, 0.01,    226, 77.70460, -20.02505 
IC_661, NE, LT, ice_cap, 0.01,      0, 77.69185, -19.89698 
IC_663, NE, LT, ice_cap, 0.01,    203, 77.72654, -20.29878 
IC_664, NE, LT, ice_cap, 0.07,      0, 77.70313, -20.06540 
IC_662, NE, LT, ice_cap, 0.26,      0, 77.70004, -20.01303 
IC_665, NE, LT, ice_cap, 0.01,      0, 77.62061, -19.27542 
IC_666, NE, LT, ice_cap, 0.01,      0, 77.61939, -19.27343 
IC_667, NE, LT, ice_cap, 0.02,      0, 77.70360, -20.12175 
IC_668, NE, LT, ice_cap, 0.09,      0, 77.70132, -20.13879 
IC_670, NE, LT, ice_cap, 0.01,      0, 77.61707, -19.35892 
IC_671, NE, LT, ice_cap, 0.01,      0, 77.71679, -20.40479 
IC_672, NW, LT, ice_cap, 0.18,    172, 77.41973, -72.31561 
IC_673, NW, LT, ice_cap, 0.01,    187, 77.41889, -72.29267 
IC_675, NW, LT, ice_cap, 0.01,   8301, 77.34751, -71.85835 
IC_679, NE, LT, ice_cap, 0.01,      0, 77.23654, -18.72752 
IC_677, NW, LT, ice_cap, 21.86,    177, 77.56620, -68.16391 
IC_680, NE, LT, ice_cap, 0.01,      0, 77.18563, -18.64362 
IC_681, NE, LT, ice_cap, 0.01,    177, 77.18441, -18.64176 
IC_682, NE, LT, ice_cap, 0.01,    178, 77.18318, -18.63990 
IC_685, NE, LT, ice_cap, 0.01,      0, 77.27926, -20.13823 
IC_683, NE, LT, ice_cap, 13.94,      0, 77.28401, -20.24656 
IC_687, NW, LT, ice_cap, 0.01,    161, 77.13201, -70.97279 
IC_686, NE, LT, ice_cap, 12.67,    136, 77.29374, -20.71003 
IC_691, NE, LT, ice_cap, 0.01,    136, 77.25859, -20.45921 
IC_690, NE, LT, ice_cap, 0.14,      0, 77.27965, -20.66223 
IC_693, NE, LT, ice_cap, 0.01,    148, 77.27782, -20.70136 
IC_694, NE, LT, ice_cap, 0.04,    117, 77.26431, -20.58600 
IC_695, NE, LT, ice_cap, 0.01,    128, 77.23204, -20.35526 
IC_688, NW, LT, ice_cap, 13.44,      0, 77.60154, -65.62167 
IC_689, NE, LT, ice_cap, 9.79,   1963, 77.11032, -19.23333 
IC_698, NE, LT, ice_cap, 0.02,    129, 77.21082, -20.40826 
IC_699, NE, LT, ice_cap, 0.06,   7409, 77.20766, -20.42159 
IC_700, NW, LT, ice_cap, 0.01,    130, 77.19852, -69.63876 
IC_696, NW, LT, ice_cap, 6.53,   1573, 77.59506, -65.41847 
IC_701, NE, LT, ice_cap, 0.01,   1461, 77.22484, -20.78231 
IC_703, NW, LT, ice_cap, 0.01,      0, 77.34992, -67.79719 
IC_704, NW, LT, ice_cap, 0.01,    133, 77.36310, -67.61008 
IC_705, NE, LT, ice_cap, 0.04,    869, 77.18948, -20.69618 
IC_706, NW, LT, ice_cap, 0.01,    124, 77.18725, -69.21359 
IC_702, NW, LT, ice_cap, 14.29,  10420, 77.26175, -68.46337 
IC_707, NW, LT, ice_cap, 5.98,    124, 77.32968, -66.70339 
IC_708, NW, LT, ice_cap, 0.09,    137, 76.86637, -70.23690 
IC_710, NW, LT, ice_cap, 0.01,    119, 76.93370, -69.38591 
IC_711, NW, LT, ice_cap, 0.01,      0, 76.94909, -69.23520 
IC_712, NW, LT, ice_cap, 0.01,     65, 76.93249, -69.38791 
IC_713, NW, LT, ice_cap, 0.01,    174, 76.93128, -69.38992 
IC_716, NW, LT, ice_cap, 0.02,      0, 77.12821, -67.11223 
IC_714, NW, LT, ice_cap, 0.52,    113, 76.92842, -69.24158 
IC_717, NW, LT, ice_cap, 0.06,    118, 77.12754, -67.09778 
IC_718, NW, LT, ice_cap, 0.01,    113, 77.11490, -67.18289 
IC_715, NW, LT, ice_cap, 10.55,      0, 77.10197, -67.12397 
IC_720, NW, LT, ice_cap, 0.01,    107, 77.06694, -67.08239 
IC_719, NW, LT, ice_cap, 7.07,      0, 76.82415, -69.68530 
IC_723, NE, LT, ice_cap, 0.01,      0, 76.35056, -21.64439 
IC_724, NE, LT, ice_cap, 11.55,    104, 76.17927, -20.86301 
IC_726, NE, LT, ice_cap, 0.01,      0, 76.17519, -21.15138 
IC_727, NE, LT, ice_cap, 0.01,    701, 76.17399, -21.14943 
IC_728, NE, LT, ice_cap, 0.01,      0, 76.17279, -21.14749 
IC_729, NE, LT, ice_cap, 0.01,    101, 76.17058, -21.12660 
IC_725, NE, LT, ice_cap, 4.85,    109, 76.25403, -21.89155 
IC_731, NE, LT, ice_cap, 0.01,     95, 76.09994, -20.87543 
IC_732, NE, LT, ice_cap, 0.01,    104, 76.00614, -20.76462 
IC_733, NE, LT, ice_cap, 0.01,     95, 76.04100, -21.16214 
IC_734, NE, LT, ice_cap, 0.01,     90, 76.01837, -21.14588 
IC_735, NE, LT, ice_cap, 0.04,    126, 76.00579, -21.36405 
IC_736, NE, LT, ice_cap, 0.01,     97, 76.03046, -21.64605 
IC_737, NE, LT, ice_cap, 5.45,      0, 76.26891, -24.42273 
IC_740, NE, LT, ice_cap, 0.01,      0, 75.94691, -21.49255 
IC_742, NE, LT, ice_cap, 0.01,     80, 76.01133, -22.24858 
IC_743, NE, LT, ice_cap, 0.01,      0, 76.01401, -22.28474 
IC_744, NE, LT, ice_cap, 8.11,      0, 75.99175, -22.23208 
IC_738, NE, LT, ice_cap, 6.76,     92, 75.90823, -21.20638 
IC_741, NE, LT, ice_cap, 5.58,    958, 75.88536, -21.13877 
IC_745, NE, LT, ice_cap, 12.82,     87, 75.91450, -21.74988 
IC_746, NE, LT, ice_cap, 9.72,     92, 75.89094, -21.79569 
IC_747, NE, LT, ice_cap, 16.62,     83, 76.08921, -24.13819 
IC_748, NE, LT, ice_cap, 11.66,     89, 75.80486, -21.30711 
IC_750, NE, LT, ice_cap, 6.06,     77, 75.71414, -20.83175 
IC_751, NW, LT, ice_cap, 10.84,     78, 76.28916, -62.71795 
IC_754, NW, LT, ice_cap, 5.69,     71, 76.28880, -62.31775 
IC_753, NW, LT, ice_cap, 9.55,     79, 75.93495, -66.49832 
IC_756, NE, LT, ice_cap, 5.19,     65, 75.54939, -20.67234 
IC_757, NE, LT, ice_cap, 9.83,     76, 75.54617, -20.83989 
IC_758, NE, LT, ice_cap, 4.73,     55, 75.56780, -21.27886 
IC_761, NE, LT, ice_cap, 0.01,     67, 75.55233, -22.36767 
IC_760, NE, LT, ice_cap, 7.90,     67, 75.40824, -20.98656 
IC_762, NE, LT, ice_cap, 5.30,     60, 75.35898, -20.75722 
IC_763, NE, LT, ice_cap, 0.02,     66, 75.49507, -22.13652 
IC_765, NE, LT, ice_cap, 0.01,     64, 75.47131, -22.24321 
IC_766, NE, LT, ice_cap, 0.01,     69, 75.46086, -22.42537 
IC_767, NE, LT, ice_cap, 16.92,     64, 75.30404, -21.80910 
IC_768, NE, LT, ice_cap, 10.34,      0, 75.22465, -21.32947 
IC_770, NE, LT, ice_cap, 20.17,     63, 75.12800, -21.38637 
IC_773, NW, LT, ice_cap, 0.01,     64, 75.85319, -59.54473 
IC_772, NE, LT, ice_cap, 9.12,   2052, 75.03501, -21.12652 
IC_774, NW, LT, ice_cap, 0.01,     67, 75.82825, -59.64111 
IC_776, NE, LT, ice_cap, 18.29,     65, 74.93223, -21.23119 
IC_777, NE, LT, ice_cap, 0.02,     59, 74.98805, -21.91896 
IC_779, NE, LT, ice_cap, 0.01,   2113, 74.92043, -21.76798 
IC_781, NE, LT, ice_cap, 16.62,      0, 74.60175, -21.14515 
IC_783, NE, LT, ice_cap, 0.01,     54, 74.59672, -21.10389 
IC_782, NE, LT, ice_cap, 10.64,    194, 74.40342, -19.64627 
IC_785, NE, LT, ice_cap, 0.01,     51, 74.60678, -21.85838 
IC_786, NE, LT, ice_cap, 0.01,     53, 74.54111, -21.66385 
IC_787, NE, LT, ice_cap, 0.01,     64, 74.52804, -21.74786 
IC_784, NE, LT, ice_cap, 29.95,     57, 74.54780, -21.70873 
IC_788, NE, LT, ice_cap, 13.93,     63, 74.37176, -20.78335 
IC_790, NE, LT, ice_cap, 0.01,     58, 74.38262, -21.04725 
IC_792, NE, LT, ice_cap, 0.02,     50, 74.38783, -21.16574 
IC_791, NE, LT, ice_cap, 0.52,      0, 74.37834, -21.06267 
IC_793, NE, LT, ice_cap, 0.12,     58, 74.38659, -21.18311 
IC_794, NE, LT, ice_cap, 0.02,     43, 74.39389, -21.29201 
IC_795, NE, LT, ice_cap, 15.81,     55, 74.30350, -20.85462 
IC_796, NE, LT, ice_cap, 0.01,     37, 74.37491, -21.29904 
IC_797, NE, LT, ice_cap, 0.03,     46, 74.29646, -21.05672 
IC_798, NE, LT, ice_cap, 0.01,     51, 74.29912, -21.10364 
IC_800, NE, LT, ice_cap, 0.01,     50, 74.21555, -21.06845 
IC_799, NE, LT, ice_cap, 21.08,     51, 74.36622, -22.31034 
IC_801, NE, LT, ice_cap, 14.34,     45, 74.18174, -21.16820 
IC_802, NE, LT, ice_cap, 10.35,     41, 74.12711, -22.36952 
IC_805, NE, LT, ice_cap, 0.01,     36, 74.23679, -23.71850 
IC_804, NE, LT, ice_cap, 7.01,     45, 74.22576, -23.64373 
IC_809, NE, LT, ice_cap, 8.72,     45, 73.93273, -21.54236 
IC_811, NE, LT, ice_cap, 0.01,     41, 73.93350, -21.46250 
IC_812, NE, LT, ice_cap, 0.01,     35, 74.26191, -24.49419 
IC_813, NE, LT, ice_cap, 0.39,     41, 73.91768, -21.46151 
IC_814, NE, LT, ice_cap, 0.01,     44, 73.87718, -21.10586 
IC_810, NE, LT, ice_cap, 29.40,     44, 74.00409, -22.52551 
IC_807, NE, LT, ice_cap, 14.04,    378, 74.30027, -24.96435 
IC_806, NE, LT, ice_cap, 8.81,     39, 73.87124, -21.07792 
IC_815, NE, LT, ice_cap, 8.13,     41, 73.85483, -21.52809 
IC_817, NE, LT, ice_cap, 6.10,     41, 73.90727, -22.48685 
IC_820, NE, LT, ice_cap, 0.01,     17, 73.82171, -21.93747 
IC_822, NE, LT, ice_cap, 0.01,    304, 73.90104, -22.72179 
IC_823, NE, LT, ice_cap, 0.01,      0, 73.90089, -22.72907 
IC_824, NE, LT, ice_cap, 0.01,     27, 73.90074, -22.73635 
IC_825, NE, LT, ice_cap, 0.01,     39, 73.95035, -23.28464 
IC_821, NE, LT, ice_cap, 10.45,     38, 73.96801, -23.46787 
IC_826, NE, LT, ice_cap, 14.90,     90, 73.84507, -22.77208 
IC_828, NE, LT, ice_cap, 0.01,     36, 73.80307, -22.84100 
IC_829, NE, LT, ice_cap, 12.66,     33, 73.76776, -22.73553 
IC_830, NE, LT, ice_cap, 14.60,     30, 73.83955, -23.61961 
IC_832, NE, LT, ice_cap, 5.40,     37, 73.68213, -22.68371 
IC_835, NE, LT, ice_cap, 0.01,     33, 73.89040, -24.91725 
IC_833, NE, LT, ice_cap, 19.75,     34, 73.72320, -23.14210 
IC_836, NW, LT, ice_cap, 10.91,   1564, 74.50601, -56.99797 
IC_837, NE, LT, ice_cap, 0.03,     32, 73.90296, -25.27227 
IC_838, NE, LT, ice_cap, 0.02,      0, 73.90134, -25.26569 
IC_839, NE, LT, ice_cap, 0.02,     31, 73.89988, -25.26065 
IC_840, NW, LT, ice_cap, 0.01,     31, 74.51494, -56.72016 
IC_841, NE, LT, ice_cap, 0.05,     24, 73.89752, -25.25434 
IC_842, NE, LT, ice_cap, 0.01,     26, 73.89509, -25.25123 
IC_843, NW, LT, ice_cap, 0.01,     26, 74.49390, -57.01222 
IC_834, NW, LT, ice_cap, 7.35,     32, 74.52488, -56.74502 
IC_845, NE, LT, ice_cap, 0.02,     21, 73.80709, -24.49713 
IC_844, NE, LT, ice_cap, 8.23,     25, 73.80150, -24.54825 
IC_847, NE, LT, ice_cap, 0.01,     30, 73.90205, -25.85163 
IC_851, NE, LT, ice_cap, 0.01,     31, 73.62897, -23.51359 
IC_848, NE, LT, ice_cap, 0.34,      0, 73.85710, -25.66882 
IC_849, NE, LT, ice_cap, 25.09,     21, 73.63330, -23.81485 
IC_853, NE, LT, ice_cap, 0.01,     26, 73.85774, -25.96893 
IC_854, NE, LT, ice_cap, 0.01,     28, 73.86307, -26.03465 
IC_852, NE, LT, ice_cap, 8.05,     29, 73.58485, -23.30691 
IC_855, NE, LT, ice_cap, 14.14,      0, 73.59118, -23.71441 
IC_850, NE, LT, ice_cap, 14.73,      0, 73.59620, -23.49797 
IC_856, NE, LT, ice_cap, 12.73,      0, 73.46719, -22.90965 
IC_858, NE, LT, ice_cap, 5.66,     22, 73.41248, -22.58625 
IC_859, NE, LT, ice_cap, 17.31,     31, 73.43370, -22.96086 
IC_860, NE, LT, ice_cap, 0.01,     24, 73.71961, -25.84850 
IC_862, NE, LT, ice_cap, 0.01,     21, 73.39050, -22.99096 
IC_861, NE, LT, ice_cap, 5.45,     25, 73.38589, -22.89815 
IC_863, NW, LT, ice_cap, 4.92,     11, 74.24114, -56.41118 
IC_865, NE, LT, ice_cap, 0.01,     27, 73.74300, -27.00971 
IC_866, NE, LT, ice_cap, 0.01,     27, 73.62791, -25.82211 
IC_867, NE, LT, ice_cap, 0.04,     24, 73.72227, -26.83507 
IC_868, NW, LT, ice_cap, 8.38,     22, 74.17559, -56.72853 
IC_869, NE, LT, ice_cap, 0.01,     28, 73.69001, -26.86765 
IC_864, NE, LT, ice_cap, 18.52,     26, 73.73556, -27.05163 
IC_874, NE, LT, ice_cap, 0.01,      0, 73.31244, -23.67297 
IC_872, NE, LT, ice_cap, 11.15,      0, 73.49377, -25.37414 
IC_873, NE, LT, ice_cap, 14.79,      0, 73.29451, -23.70158 
IC_876, NE, LT, ice_cap, 10.91,      0, 73.35563, -24.60718 
IC_877, NE, LT, ice_cap, 8.04,      0, 73.58129, -26.79723 
IC_878, NE, LT, ice_cap, 0.02,      0, 73.35235, -24.70415 
IC_879, NE, LT, ice_cap, 0.01,      0, 73.33651, -24.61867 
IC_880, NE, LT, ice_cap, 0.01,      0, 73.44265, -25.87670 
IC_881, NE, LT, ice_cap, 0.01,      0, 73.40609, -25.89425 
IC_882, NE, LT, ice_cap, 6.70,      0, 73.43955, -26.48206 
IC_886, NE, LT, ice_cap, 0.01,      0, 73.43402, -26.74758 
IC_888, NE, LT, ice_cap, 0.01,      0, 73.27663, -25.32431 
IC_889, NE, LT, ice_cap, 0.01,      0, 73.26993, -25.39930 
IC_885, NE, LT, ice_cap, 6.19,      0, 73.22602, -24.77380 
IC_890, NE, LT, ice_cap, 0.01,      0, 73.41249, -26.98571 
IC_887, NE, LT, ice_cap, 10.42,      0, 73.32138, -25.88550 
IC_891, NE, LT, ice_cap, 0.01,      0, 73.37400, -26.65698 
IC_892, NE, LT, ice_cap, 0.02,      0, 73.20216, -25.04254 
IC_894, NE, LT, ice_cap, 0.01,      0, 73.23211, -25.48915 
IC_895, NE, LT, ice_cap, 0.01,      0, 73.42167, -27.49105 
IC_897, NE, LT, ice_cap, 0.01,      0, 73.40682, -27.48420 
IC_896, NE, LT, ice_cap, 8.86,      0, 73.43397, -28.08632 
IC_898, NE, LT, ice_cap, 0.02,      0, 73.34654, -27.11021 
IC_899, NE, LT, ice_cap, 0.01,      0, 73.33021, -27.06234 
IC_900, NE, LT, ice_cap, 0.01,      0, 73.34898, -27.28640 
IC_901, NE, LT, ice_cap, 0.02,      0, 73.34853, -27.29187 
IC_902, NE, LT, ice_cap, 0.01,      0, 73.15040, -25.26471 
IC_903, NE, LT, ice_cap, 0.01,      0, 73.34808, -27.29733 
IC_905, NE, LT, ice_cap, 11.64,      0, 73.26434, -26.63254 
IC_904, NE, LT, ice_cap, 6.75,      0, 73.25846, -26.75809 
IC_907, NE, LT, ice_cap, 0.01,      0, 73.34392, -27.96950 
IC_906, NE, LT, ice_cap, 7.33,      0, 73.13867, -25.94257 
IC_910, NE, LT, ice_cap, 0.01,      0, 73.13410, -26.09333 
IC_911, NE, LT, ice_cap, 0.01,      0, 73.03222, -25.20928 
IC_912, NE, LT, ice_cap, 0.02,      0, 73.11934, -26.07456 
IC_913, NE, LT, ice_cap, 0.02,      0, 73.04789, -25.40057 
IC_914, NE, LT, ice_cap, 0.07,      0, 73.14920, -26.75388 
IC_915, NE, LT, ice_cap, 0.01,      0, 73.03078, -25.59216 
IC_916, NE, LT, ice_cap, 0.01,      0, 72.99282, -25.34628 
IC_917, NE, LT, ice_cap, 0.01,      0, 73.21022, -27.61677 
IC_920, NE, LT, ice_cap, 0.01,      0, 72.95807, -25.46381 
IC_919, NE, LT, ice_cap, 6.12,      0, 73.10534, -27.07067 
IC_918, NE, LT, ice_cap, 28.57,      0, 73.18267, -27.96397 
IC_922, NE, LT, ice_cap, 0.01,      0, 73.01666, -26.25701 
IC_921, NE, LT, ice_cap, 6.45,      0, 72.94787, -25.61617 
IC_925, NE, LT, ice_cap, 0.02,      0, 73.02702, -26.66926 
IC_923, NE, LT, ice_cap, 13.83,      0, 73.06351, -27.07840 
IC_926, NE, LT, ice_cap, 2.28,      0, 73.09705, -27.52425 
IC_932, NE, LT, ice_cap, 0.01,      0, 73.09032, -27.57973 
IC_933, NE, LT, ice_cap, 0.01,      0, 72.93897, -26.12897 
IC_924, NE, LT, ice_cap, 7.76,      0, 72.75250, -24.30062 
IC_930, NE, LT, ice_cap, 7.46,      0, 72.95816, -26.26069 
IC_931, NE, LT, ice_cap, 5.34,      0, 72.47821, -22.06236 
IC_936, NE, LT, ice_cap, 0.01,      0, 72.88812, -25.84399 
IC_935, NE, LT, ice_cap, 9.52,      0, 72.68074, -24.00398 
IC_934, NE, LT, ice_cap, 4.95,      0, 72.46791, -22.17678 
IC_927, NE, LT, ice_cap, 10.72,      0, 72.70648, -24.08121 
IC_937, NE, LT, ice_cap, 0.01,      0, 73.04291, -27.72478 
IC_938, NE, LT, ice_cap, 0.02,      0, 72.78812, -25.31129 
IC_940, NE, LT, ice_cap, 0.01,      0, 72.97575, -27.23329 
IC_941, NE, LT, ice_cap, 0.03,      0, 72.97395, -27.23094 
IC_943, NE, LT, ice_cap, 0.01,      0, 73.03464, -28.02188 
IC_945, NE, LT, ice_cap, 0.01,      0, 73.02107, -28.11366 
IC_942, NE, LT, ice_cap, 6.00,      0, 72.78946, -25.58048 
IC_946, NE, LT, ice_cap, 0.01,      0, 72.80419, -26.16527 
IC_947, NE, LT, ice_cap, 0.01,      0, 72.80305, -26.16337 
IC_948, NE, LT, ice_cap, 0.02,      0, 72.71692, -25.49045 
IC_951, NE, LT, ice_cap, 0.01,      0, 72.62516, -24.89930 
IC_953, NE, LT, ice_cap, 0.04,      0, 72.64626, -25.14226 
IC_955, NE, LT, ice_cap, 0.02,      0, 72.81733, -26.89121 
IC_957, NE, LT, ice_cap, 0.04,      0, 72.82060, -26.97440 
IC_958, NE, LT, ice_cap, 0.05,      0, 72.81773, -26.96728 
IC_954, NE, LT, ice_cap, 10.16,      0, 72.62076, -25.11572 
IC_959, NE, LT, ice_cap, 0.01,      0, 72.62275, -25.16906 
IC_960, NE, LT, ice_cap, 0.01,      0, 72.80801, -27.04605 
IC_952, NE, LT, ice_cap, 7.00,      0, 72.44704, -23.53134 
IC_965, NE, LT, ice_cap, 0.01,      0, 72.83284, -27.81777 
IC_966, NE, LT, ice_cap, 0.01,      0, 72.80946, -27.56388 
IC_968, NE, LT, ice_cap, 0.01,      0, 72.77247, -27.27060 
IC_969, NE, LT, ice_cap, 0.02,      0, 72.81671, -27.77067 
IC_961, NE, LT, ice_cap, 7.02,      0, 72.67182, -26.06485 
IC_964, NE, LT, ice_cap, 7.02,      0, 72.26338, -22.67025 
IC_963, NE, LT, ice_cap, 9.15,      0, 72.52412, -24.89415 
IC_970, NE, LT, ice_cap, 0.01,      0, 72.78840, -27.60221 
IC_971, NE, LT, ice_cap, 0.01,      0, 72.51644, -24.97726 
IC_972, NE, LT, ice_cap, 0.02,      0, 72.51486, -24.97598 
IC_974, NE, LT, ice_cap, 0.01,      0, 72.51305, -24.98137 
IC_973, NE, LT, ice_cap, 0.02,      0, 72.51286, -24.97522 
IC_975, NE, LT, ice_cap, 0.02,      0, 72.51085, -24.97445 
IC_977, NE, LT, ice_cap, 0.02,      0, 72.51062, -24.98112 
IC_976, NE, LT, ice_cap, 28.04,      0, 72.48532, -25.07295 
IC_978, NE, LT, ice_cap, 0.01,      0, 72.68825, -26.77125 
IC_967, NE, LT, ice_cap, 24.52,      0, 72.53171, -25.19281 
IC_980, NE, LT, ice_cap, 0.01,      0, 72.63291, -26.72088 
IC_979, NE, LT, ice_cap, 12.79,      0, 72.66685, -27.02299 
IC_982, NE, LT, ice_cap, 9.82,      0, 72.67684, -27.59537 
IC_983, NE, LT, ice_cap, 10.79,      0, 72.62956, -27.26232 
IC_985, NE, LT, ice_cap, 0.01,      0, 72.60316, -27.33426 
IC_984, NE, LT, ice_cap, 5.09,      0, 72.61711, -27.51111 
IC_987, NE, LT, ice_cap, 0.01,      0, 72.54632, -27.08820 
IC_988, NE, LT, ice_cap, 0.01,      0, 72.54901, -27.14536 
IC_986, NW, LT, ice_cap, 8.37,      0, 73.10260, -55.32185 
IC_991, NW, LT, ice_cap, 0.01,      0, 73.09616, -55.27275 
IC_993, NE, LT, ice_cap, 0.01,      0, 72.25443, -24.64456 
IC_989, NE, LT, ice_cap, 10.02,      0, 72.25259, -24.55173 
IC_997, NE, LT, ice_cap, 0.01,      0, 72.35120, -25.74680 
IC_992, NE, LT, ice_cap, 7.51,      0, 72.34359, -25.50435 
IC_995, NE, LT, ice_cap, 4.88,      0, 72.21747, -24.60137 
IC_994, NE, LT, ice_cap, 7.91,      0, 72.55623, -27.80696 
IC_998, NE, LT, ice_cap, 13.01,      0, 72.27640, -25.60779 
IC_999, NE, LT, ice_cap, 5.93,      0, 72.29360, -25.69853 
IC_1003, NE, LT, ice_cap, 0.02,      0, 72.29664, -25.91297 
IC_1000, NE, LT, ice_cap, 13.78,      0, 72.47140, -27.77774 
IC_1004, NE, LT, ice_cap, 0.01,      0, 72.32328, -26.22795 
IC_1005, NE, LT, ice_cap, 0.01,      0, 72.30408, -26.06137 
IC_1006, NE, LT, ice_cap, 0.01,      0, 72.30352, -26.06514 
IC_1007, NE, LT, ice_cap, 0.01,      0, 72.30296, -26.06890 
IC_1008, NE, LT, ice_cap, 0.01,      0, 72.30240, -26.07267 
IC_1009, NE, LT, ice_cap, 0.01,      0, 72.29686, -26.02876 
IC_1010, NE, LT, ice_cap, 0.01,      0, 72.29352, -26.06073 
IC_1011, NE, LT, ice_cap, 0.01,      0, 72.29077, -26.09830 
IC_1012, NE, LT, ice_cap, 0.01,      0, 72.28877, -26.09742 
IC_1013, NE, LT, ice_cap, 0.01,      0, 72.25937, -25.82688 
IC_1014, NE, LT, ice_cap, 0.01,      0, 72.08902, -24.36868 
IC_1015, NE, LT, ice_cap, 0.02,      0, 72.24074, -25.76832 
IC_1016, NE, LT, ice_cap, 0.01,      0, 72.19531, -25.71865 
IC_1018, CE, LT, ice_cap, 0.01,      0, 72.00670, -24.21646 
IC_1019, CE, LT, ice_cap, 0.01,      0, 72.00417, -24.21957 
IC_1017, NE, LT, ice_cap, 0.92,      0, 72.12396, -25.24113 
IC_1020, CE, LT, ice_cap, 0.01,      0, 71.96928, -24.10352 
IC_1022, CE, LT, ice_cap, 0.07,      0, 71.97334, -24.17995 
IC_1023, CE, LT, ice_cap, 0.01,      0, 71.97141, -24.17876 
IC_1025, NE, LT, ice_cap, 0.01,      0, 72.24191, -26.74543 
IC_1026, CE, LT, ice_cap, 0.03,      0, 71.97188, -24.39394 
IC_1021, CE, LT, ice_cap, 5.29,      0, 71.91579, -23.82298 
IC_1024, CE, LT, ice_cap, 6.50,      0, 71.69889, -22.15457 
IC_1027, CE, LT, ice_cap, 29.98,      0, 71.96149, -24.58018 
IC_1029, NE, LT, ice_cap, 0.01,      0, 72.08569, -25.82767 
IC_1030, CE, LT, ice_cap, 0.03,      0, 71.98598, -25.21793 
IC_1031, CE, LT, ice_cap, 0.01,      0, 71.97661, -25.19685 
IC_1032, CE, LT, ice_cap, 0.01,      0, 71.99189, -25.34314 
IC_1033, CE, LT, ice_cap, 0.01,      0, 72.03109, -25.72835 
IC_1028, CE, LT, ice_cap, 8.65,      0, 71.86157, -24.04697 
IC_1035, CE, LT, ice_cap, 0.02,      0, 71.83768, -24.52527 
IC_1036, CE, LT, ice_cap, 0.01,      0, 71.89537, -25.08758 
IC_1039, CE, LT, ice_cap, 0.01,      0, 71.92125, -25.64907 
IC_1037, CE, LT, ice_cap, 7.65,      0, 71.80892, -24.65498 
IC_1040, CE, LT, ice_cap, 0.01,      0, 72.01074, -26.58350 
IC_1041, CE, LT, ice_cap, 0.01,      0, 72.00932, -26.57889 
IC_1042, CE, LT, ice_cap, 0.01,      0, 71.89506, -25.65409 
IC_1043, CE, LT, ice_cap, 0.01,      0, 71.93896, -26.12408 
IC_1045, CE, LT, ice_cap, 0.01,      0, 71.95474, -26.33701 
IC_1046, CE, LT, ice_cap, 0.01,      0, 71.79283, -24.92741 
IC_1047, CE, LT, ice_cap, 0.01,      0, 72.03318, -27.23836 
IC_1048, CE, LT, ice_cap, 0.01,      0, 71.79262, -25.00126 
IC_1049, CE, LT, ice_cap, 0.01,      0, 72.00785, -27.04094 
IC_1050, CE, LT, ice_cap, 0.01,      0, 72.00672, -27.03907 
IC_1051, CE, LT, ice_cap, 0.01,      0, 71.79907, -25.09188 
IC_1052, CE, LT, ice_cap, 0.01,      0, 71.72514, -24.49217 
IC_1053, CE, LT, ice_cap, 0.01,      0, 71.93431, -26.43279 
IC_1056, CE, LT, ice_cap, 0.01,      0, 71.96007, -26.99919 
IC_1054, CE, LT, ice_cap, 16.02,      0, 71.72335, -24.76016 
IC_1055, CW, LT, ice_cap, 7.71,      0, 72.60888, -54.31255 
IC_1057, CE, LT, ice_cap, 0.01,      0, 71.92004, -26.72657 
IC_1058, CE, LT, ice_cap, 0.01,      0, 71.87468, -26.36275 
IC_1059, CE, LT, ice_cap, 0.01,      0, 71.75870, -25.37993 
IC_1060, CE, LT, ice_cap, 0.02,      0, 71.72917, -25.21069 
IC_1061, CE, LT, ice_cap, 0.01,      0, 71.77574, -25.67198 
IC_1063, CE, LT, ice_cap, 0.01,      0, 71.84629, -26.50930 
IC_1064, CE, LT, ice_cap, 0.01,      0, 71.71489, -25.34743 
IC_1062, CE, LT, ice_cap, 5.40,      0, 71.50307, -23.58765 
IC_1066, CE, LT, ice_cap, 0.01,      0, 71.72060, -25.63932 
IC_1067, CE, LT, ice_cap, 0.01,      0, 71.71462, -25.58519 
IC_1069, CE, LT, ice_cap, 0.01,      0, 71.85463, -26.99663 
IC_1071, CE, LT, ice_cap, 0.03,      0, 71.93275, -27.84720 
IC_1065, CE, LT, ice_cap, 6.63,      0, 71.47238, -23.52336 
IC_1072, CE, LT, ice_cap, 5.60,      0, 71.60898, -24.96228 
IC_1076, CE, LT, ice_cap, 0.01,      0, 71.66497, -25.37976 
IC_1075, CE, LT, ice_cap, 0.15,      0, 71.71587, -25.83103 
IC_1068, CE, LT, ice_cap, 5.61,      0, 72.00832, -28.85384 
IC_1077, CE, LT, ice_cap, 18.72,      0, 71.20308, -22.16176 
IC_1070, CE, LT, ice_cap, 12.70,      0, 71.98220, -28.75343 
IC_1078, CE, LT, ice_cap, 0.01,      0, 71.55776, -24.92614 
IC_1079, CE, LT, ice_cap, 0.05,      0, 71.19789, -22.09253 
IC_1074, CE, LT, ice_cap, 15.33,      0, 71.23267, -22.04982 
IC_1081, CE, LT, ice_cap, 0.01,      0, 71.55499, -24.93538 
IC_1073, CE, LT, ice_cap, 18.27,      0, 71.42562, -23.52585 
IC_1082, CE, LT, ice_cap, 0.01,      0, 71.71694, -26.48067 
IC_1083, CE, LT, ice_cap, 0.01,      0, 71.65247, -25.88786 
IC_1087, CE, LT, ice_cap, 0.01,      0, 71.87927, -28.34804 
IC_1089, CE, LT, ice_cap, 0.03,      0, 71.61965, -25.79703 
IC_1085, CE, LT, ice_cap, 13.84,      0, 71.59079, -25.71317 
IC_1084, CE, LT, ice_cap, 1.07,      0, 71.60330, -25.65681 
IC_1080, CE, LT, ice_cap, 17.70,      0, 71.57279, -25.40307 
IC_1090, CE, LT, ice_cap, 0.01,      0, 71.58082, -25.65277 
IC_1086, CE, LT, ice_cap, 5.37,      0, 71.13078, -21.91278 
IC_1091, CE, LT, ice_cap, 13.82,      0, 71.51902, -25.45932 
IC_1094, CE, LT, ice_cap, 0.01,      0, 71.53678, -25.61725 
IC_1097, CE, LT, ice_cap, 0.01,      0, 71.80868, -28.33736 
IC_1096, CE, LT, ice_cap, 0.16,      0, 71.11194, -22.22258 
IC_1099, CE, LT, ice_cap, 0.01,      0, 71.51410, -25.48293 
IC_1092, CE, LT, ice_cap, 10.85,      0, 71.64265, -26.63986 
IC_1098, CE, LT, ice_cap, 5.44,      0, 71.09459, -22.20639 
IC_1101, CE, LT, ice_cap, 6.40,      0, 71.04265, -21.99650 
IC_1104, CE, LT, ice_cap, 9.37,      0, 71.02316, -22.00655 
IC_1102, CW, LT, ice_cap, 8.41,      0, 72.32007, -53.50149 
IC_1103, CW, LT, ice_cap, 6.67,      0, 72.26293, -54.51681 
IC_1100, CE, LT, ice_cap, 29.34,      0, 71.69876, -27.74871 
IC_1112, CE, LT, ice_cap, 0.01,      0, 71.46357, -26.12036 
IC_1114, CE, LT, ice_cap, 0.01,      0, 71.44200, -26.14948 
IC_1115, CE, LT, ice_cap, 0.01,      0, 71.47663, -26.51580 
IC_1107, CW, LT, ice_cap, 13.23,      0, 72.18870, -54.64015 
IC_1117, CE, LT, ice_cap, 0.01,      0, 71.42675, -26.20162 
IC_1109, CW, LT, ice_cap, 20.44,      0, 72.20106, -54.19691 
IC_1118, CE, LT, ice_cap, 0.59,      0, 71.39882, -26.01621 
IC_1111, CW, LT, ice_cap, 18.38,      0, 72.15592, -54.87919 
IC_1122, CW, LT, ice_cap, 0.01,      0, 72.16757, -53.83600 
IC_1123, CE, LT, ice_cap, 0.06,      0, 71.31491, -25.51004 
IC_1124, CE, LT, ice_cap, 0.02,      0, 70.84212, -21.81344 
IC_1126, CE, LT, ice_cap, 0.01,      0, 70.83721, -21.84810 
IC_1127, CE, LT, ice_cap, 0.05,      0, 71.41283, -26.57612 
IC_1128, CE, LT, ice_cap, 0.01,      0, 71.56338, -28.08207 
IC_1131, CE, LT, ice_cap, 0.01,      0, 71.44126, -26.92788 
IC_1116, CE, LT, ice_cap, 14.92,      0, 70.98718, -22.72139 
IC_1134, CE, LT, ice_cap, 0.02,      0, 71.31743, -25.85626 
IC_1121, CE, LT, ice_cap, 23.28,      0, 71.46689, -27.04474 
IC_1138, CW, LT, ice_cap, 0.02,      0, 72.03169, -55.40698 
IC_1139, CW, LT, ice_cap, 0.05,      0, 72.02976, -55.41206 
IC_1137, CW, LT, ice_cap, 13.30,      0, 72.01382, -55.31865 
IC_1140, CW, LT, ice_cap, 0.01,      0, 72.05022, -54.97394 
IC_1125, CW, LT, ice_cap, 23.28,      0, 72.05250, -54.83647 
IC_1142, CW, LT, ice_cap, 0.01,      0, 72.04948, -54.97055 
IC_1133, CW, LT, ice_cap, 5.52,      0, 72.11144, -53.96306 
IC_1144, CE, LT, ice_cap, 0.01,      0, 71.31861, -26.08215 
IC_1145, CE, LT, ice_cap, 0.05,      0, 71.32353, -26.16353 
IC_1136, CW, LT, ice_cap, 8.09,      0, 72.13768, -53.22499 
IC_1130, CW, LT, ice_cap, 5.29,      0, 72.06051, -54.87113 
IC_1132, CW, LT, ice_cap, 5.39,      0, 72.08626, -54.38008 
IC_1146, CE, LT, ice_cap, 0.02,      0, 71.25641, -25.58875 
IC_1135, CE, LT, ice_cap, 7.01,      0, 71.46047, -27.38850 
IC_1148, CE, LT, ice_cap, 0.01,      0, 71.31927, -26.25346 
IC_1151, CE, LT, ice_cap, 0.01,      0, 71.29628, -26.13859 
IC_1150, CE, LT, ice_cap, 0.10,      0, 70.77834, -21.95827 
IC_1152, CW, LT, ice_cap, 0.01,      0, 72.04969, -54.33905 
IC_1153, CE, LT, ice_cap, 0.01,      0, 70.77533, -21.96394 
IC_1154, CW, LT, ice_cap, 0.01,      0, 72.00689, -55.12995 
IC_1143, CW, LT, ice_cap, 26.15,      0, 72.00914, -54.97797 
IC_1129, CW, LT, ice_cap, 9.96,      0, 72.10336, -53.85977 
IC_1149, CW, LT, ice_cap, 8.74,      0, 72.04200, -54.24885 
IC_1158, CE, LT, ice_cap, 0.01,      0, 71.49494, -28.36958 
IC_1161, CW, LT, ice_cap, 0.01,      0, 71.97967, -54.97526 
IC_1162, CE, LT, ice_cap, 0.01,      0, 71.22312, -25.93275 
IC_1157, CW, LT, ice_cap, 10.71,      0, 72.08187, -52.64893 
IC_1156, CW, LT, ice_cap, 8.72,      0, 72.04352, -53.81230 
IC_1159, CE, LT, ice_cap, 5.30,      0, 70.71281, -21.85602 
IC_1164, CE, LT, ice_cap, 1.06,      0, 70.72874, -22.12299 
IC_1166, CE, LT, ice_cap, 0.07,      0, 71.17819, -25.86040 
IC_1167, CW, LT, ice_cap, 0.01,      0, 72.03029, -52.81665 
IC_1165, CE, LT, ice_cap, 8.44,      0, 70.69974, -22.12732 
IC_1163, CW, LT, ice_cap, 11.30,      0, 72.03068, -53.14806 
IC_1169, CW, LT, ice_cap, 0.01,      0, 71.98060, -53.73919 
IC_1171, CE, LT, ice_cap, 0.01,      0, 71.37717, -27.93837 
IC_1172, CE, LT, ice_cap, 0.01,      0, 71.15766, -25.84962 
IC_1173, CW, LT, ice_cap, 0.01,      0, 71.99672, -52.87825 
IC_1174, CE, LT, ice_cap, 7.59,      0, 70.61042, -21.95745 
IC_1175, CW, LT, ice_cap, 0.04,      0, 71.94302, -53.59858 
IC_1176, CW, LT, ice_cap, 0.01,      0, 71.96600, -52.99966 
IC_1180, CW, LT, ice_cap, 0.01,      0, 71.97161, -52.67610 
IC_1181, CW, LT, ice_cap, 0.01,      0, 71.97083, -52.67282 
IC_1182, CE, LT, ice_cap, 0.01,      0, 71.18468, -26.66816 
IC_1170, CE, LT, ice_cap, 17.83,      0, 70.63934, -22.03275 
IC_1183, CE, LT, ice_cap, 0.01,      0, 71.20364, -26.94526 
IC_1186, CW, LT, ice_cap, 0.01,      0, 71.92365, -53.29717 
IC_1178, CE, LT, ice_cap, 4.95,      0, 70.61442, -22.09204 
IC_1187, CW, LT, ice_cap, 5.63,      0, 71.83043, -54.90767 
IC_1188, CE, LT, ice_cap, 0.01,      0, 71.10418, -26.22373 
IC_1190, CE, LT, ice_cap, 0.01,      0, 71.15790, -26.72785 
IC_1191, CE, LT, ice_cap, 0.01,      0, 71.04586, -25.71132 
IC_1192, CE, LT, ice_cap, 0.03,      0, 71.04522, -25.71689 
IC_1195, CE, LT, ice_cap, 0.01,      0, 71.04677, -25.78652 
IC_1194, CE, LT, ice_cap, 5.76,      0, 71.03326, -25.76625 
IC_1196, CW, LT, ice_cap, 0.01,      0, 71.92433, -52.63214 
IC_1177, CE, LT, ice_cap, 5.63,      0, 70.58764, -21.94180 
IC_1185, CW, LT, ice_cap, 9.32,      0, 71.86461, -54.15332 
IC_1184, CE, LT, ice_cap, 3.99,      0, 71.08627, -26.07592 
IC_1198, CW, LT, ice_cap, 0.01,      0, 71.80935, -54.74183 
IC_1193, CW, LT, ice_cap, 16.62,      0, 71.80601, -54.83613 
IC_1189, CE, LT, ice_cap, 6.19,      0, 70.53920, -21.89751 
IC_1199, CE, LT, ice_cap, 0.01,      0, 70.49664, -21.75484 
IC_1201, CW, LT, ice_cap, 0.03,      0, 71.84924, -53.51559 
IC_1200, CW, LT, ice_cap, 0.88,      0, 71.82609, -54.01928 
IC_1204, CW, LT, ice_cap, 0.01,      0, 71.88481, -52.46612 
IC_1205, CE, LT, ice_cap, 0.01,      0, 71.07036, -26.46958 
IC_1206, CW, LT, ice_cap, 0.01,      0, 71.83455, -53.55040 
IC_1207, CW, LT, ice_cap, 0.01,      0, 71.86719, -52.77983 
IC_1197, CW, LT, ice_cap, 17.89,      0, 71.82622, -54.11397 
IC_1208, CE, LT, ice_cap, 0.01,      0, 71.20638, -27.94332 
IC_1209, CW, LT, ice_cap, 0.01,      0, 71.84517, -52.86935 
IC_1210, CW, LT, ice_cap, 0.01,      0, 71.84440, -52.86610 
IC_1211, CW, LT, ice_cap, 0.01,      0, 71.84518, -52.67686 
IC_1212, CE, LT, ice_cap, 0.01,      0, 71.05606, -26.75846 
IC_1213, CE, LT, ice_cap, 0.01,      0, 70.93827, -25.74493 
IC_1214, CE, LT, ice_cap, 0.02,      0, 71.01162, -26.42230 
IC_1216, CW, LT, ice_cap, 0.01,      0, 71.81034, -52.93839 
IC_1215, CE, LT, ice_cap, 0.18,      0, 70.93287, -25.76299 
IC_1217, CW, LT, ice_cap, 0.01,      0, 71.78560, -52.92155 
IC_1219, CE, LT, ice_cap, 0.01,      0, 70.90776, -25.78621 
IC_1220, CE, LT, ice_cap, 0.01,      0, 70.91252, -25.83639 
IC_1222, CW, LT, ice_cap, 0.04,      0, 71.78205, -52.54507 
IC_1224, CW, LT, ice_cap, 0.01,      0, 71.78047, -52.55021 
IC_1223, CW, LT, ice_cap, 0.03,      0, 71.75527, -53.11424 
IC_1227, CE, LT, ice_cap, 0.01,      0, 70.92140, -26.10888 
IC_1229, CW, LT, ice_cap, 0.04,      0, 71.75866, -52.92410 
IC_1230, CW, LT, ice_cap, 0.01,      0, 71.75707, -52.92920 
IC_1233, CW, LT, ice_cap, 0.01,      0, 71.80154, -51.63531 
IC_1231, CE, LT, ice_cap, 5.47,      0, 71.12639, -28.19824 
IC_1232, CW, LT, ice_cap, 0.06,      0, 71.76570, -52.57395 
IC_1234, CW, LT, ice_cap, 0.01,      0, 71.80075, -51.63212 
IC_1235, CE, LT, ice_cap, 0.01,      0, 70.89491, -25.99152 
IC_1237, CW, LT, ice_cap, 0.01,      0, 71.76539, -52.49740 
IC_1236, CW, LT, ice_cap, 0.06,      0, 71.76054, -52.56693 
IC_1239, CW, LT, ice_cap, 0.01,      0, 71.75821, -52.56110 
IC_1238, CW, LT, ice_cap, 0.08,      0, 71.76254, -52.50055 
IC_1240, CE, LT, ice_cap, 0.01,      0, 71.09233, -27.90329 
IC_1241, CE, LT, ice_cap, 0.02,      0, 70.87736, -25.89107 
IC_1242, CW, LT, ice_cap, 0.02,      0, 71.75923, -52.50351 
IC_1243, CE, LT, ice_cap, 0.02,      0, 70.97261, -26.77023 
IC_1244, CE, LT, ice_cap, 0.01,      0, 70.90398, -26.19091 
IC_1245, CW, LT, ice_cap, 0.01,      0, 71.73452, -52.92498 
IC_1246, CW, LT, ice_cap, 0.01,      0, 71.73351, -52.92743 
IC_1247, CW, LT, ice_cap, 0.01,      0, 71.72263, -53.02984 
IC_1226, CW, LT, ice_cap, 5.02,      0, 71.73188, -53.08717 
IC_1248, CE, LT, ice_cap, 0.01,      0, 70.89409, -26.22147 
IC_1225, CW, LT, ice_cap, 6.18,      0, 71.75482, -52.54707 
IC_1250, CW, LT, ice_cap, 0.01,      0, 71.76044, -51.79091 
IC_1251, CW, LT, ice_cap, 0.04,      0, 71.74615, -51.83324 
IC_1252, CW, LT, ice_cap, 0.01,      0, 71.74452, -51.82828 
IC_1253, CW, LT, ice_cap, 0.01,      0, 71.74374, -51.82508 
IC_1254, CW, LT, ice_cap, 0.03,      0, 71.70902, -52.65798 
IC_1256, CW, LT, ice_cap, 0.01,      0, 71.74127, -51.81835 
IC_1257, CW, LT, ice_cap, 0.01,      0, 71.74048, -51.81516 
IC_1228, CW, LT, ice_cap, 16.01,      0, 71.73113, -52.62892 
IC_1259, CW, LT, ice_cap, 6.84,      0, 71.57466, -54.86899 
IC_1249, CE, LT, ice_cap, 21.14,      0, 71.14544, -28.95373 
IC_1262, CW, LT, ice_cap, 0.01,      0, 71.73680, -51.26152 
IC_1264, CW, LT, ice_cap, 0.01,      0, 71.73650, -51.24408 
IC_1265, CW, LT, ice_cap, 0.01,      0, 71.73570, -51.24091 
IC_1266, CW, LT, ice_cap, 0.01,      0, 71.73490, -51.23774 
IC_1267, CW, LT, ice_cap, 0.01,      0, 71.56593, -54.94765 
IC_1255, CW, LT, ice_cap, 5.47,      0, 71.65511, -53.21178 
IC_1268, CW, LT, ice_cap, 0.01,      0, 71.65350, -53.13172 
IC_1258, CE, LT, ice_cap, 17.37,      0, 71.10502, -28.82277 
IC_1260, CE, LT, ice_cap, 9.92,      0, 71.08469, -28.67523 
IC_1270, CE, LT, ice_cap, 0.02,      0, 70.78908, -26.21174 
IC_1261, CW, LT, ice_cap, 24.47,      0, 71.70706, -51.49500 
IC_1271, CE, LT, ice_cap, 0.01,      0, 70.78708, -26.28295 
IC_1272, CE, LT, ice_cap, 0.01,      0, 70.85839, -26.98851 
IC_1273, CE, LT, ice_cap, 0.01,      0, 70.71741, -25.86023 
IC_1269, CW, LT, ice_cap, 8.50,      0, 71.59891, -53.18976 
IC_1275, CE, LT, ice_cap, 0.01,      0, 70.73356, -26.22009 
IC_1276, CW, LT, ice_cap, 0.01,      0, 71.61649, -51.51255 
IC_1277, CW, LT, ice_cap, 0.01,      0, 71.61481, -51.50907 
IC_1278, CW, LT, ice_cap, 0.01,      0, 71.57848, -51.97192 
IC_1279, CW, LT, ice_cap, 0.01,      0, 71.58296, -51.80726 
IC_1280, CE, LT, ice_cap, 0.02,      0, 70.79693, -27.16538 
IC_1281, CE, LT, ice_cap, 0.01,      0, 70.79648, -27.17011 
IC_1282, CE, LT, ice_cap, 0.01,      0, 70.79590, -27.17355 
IC_1283, CE, LT, ice_cap, 0.01,      0, 70.68421, -26.26217 
IC_1285, CE, LT, ice_cap, 0.01,      0, 70.82752, -27.63024 
IC_1286, CW, LT, ice_cap, 0.01,      0, 71.53006, -52.34534 
IC_1284, CW, LT, ice_cap, 16.81,      0, 71.50449, -52.37495 
IC_1287, CE, LT, ice_cap, 0.01,      0, 70.69296, -26.45088 
IC_1288, CW, LT, ice_cap, 0.02,      0, 71.51991, -52.28255 
IC_1289, CE, LT, ice_cap, 0.01,      0, 70.67850, -26.62853 
IC_1291, CE, LT, ice_cap, 0.01,      0, 70.74805, -27.34593 
IC_1294, CW, LT, ice_cap, 0.01,      0, 71.49556, -51.76870 
IC_1290, CE, LT, ice_cap, 6.94,      0, 70.62188, -26.36697 
IC_1297, CE, LT, ice_cap, 0.01,      0, 70.72109, -27.45744 
IC_1292, CW, LT, ice_cap, 7.97,      0, 71.44695, -52.56901 
IC_1293, CW, LT, ice_cap, 10.86,      0, 71.43518, -52.77000 
IC_1295, CE, LT, ice_cap, 27.85,      0, 70.60672, -26.55562 
IC_1298, CW, LT, ice_cap, 0.01,      0, 71.43260, -52.17494 
IC_1299, CW, LT, ice_cap, 0.01,      0, 71.43194, -52.16898 
IC_1300, CW, LT, ice_cap, 0.01,      0, 71.44207, -51.54960 
IC_1301, CW, LT, ice_cap, 0.01,      0, 71.44128, -51.54647 
IC_1296, CW, LT, ice_cap, 26.68,      0, 71.41959, -52.49335 
IC_1305, CW, LT, ice_cap, 0.97,      0, 71.38828, -51.96054 
IC_1306, CW, LT, ice_cap, 0.08,      0, 71.32748, -53.01477 
IC_1307, CW, LT, ice_cap, 0.08,      0, 71.35936, -52.11564 
IC_1308, CW, LT, ice_cap, 0.01,      0, 71.30619, -52.64015 
IC_1310, CW, LT, ice_cap, 0.03,      0, 71.31759, -51.87997 
IC_1309, CE, LT, ice_cap, 5.95,      0, 70.14368, -23.98604 
IC_1314, CE, LT, ice_cap, 0.01,      0, 70.50501, -27.10905 
IC_1316, CW, LT, ice_cap, 0.16,      0, 71.23764, -52.97618 
IC_1317, CW, LT, ice_cap, 0.01,      0, 71.23420, -53.05581 
IC_1319, CE, LT, ice_cap, 0.01,      0, 70.49016, -27.21650 
IC_1315, CE, LT, ice_cap, 5.37,      0, 70.43132, -26.75034 
IC_1313, CE, LT, ice_cap, 5.51,      0, 70.42020, -26.52974 
IC_1311, CW, LT, ice_cap, 13.75,      0, 71.28194, -52.08426 
IC_1322, CE, LT, ice_cap, 0.02,      0, 70.41340, -26.73720 
IC_1312, CE, LT, ice_cap, 26.79,      0, 70.41047, -26.70342 
IC_1320, CE, LT, ice_cap, 6.84,      0, 70.38193, -26.60514 
IC_1321, CW, LT, ice_cap, 5.76,      0, 71.22054, -52.27381 
IC_1325, CW, LT, ice_cap, 0.01,      0, 71.23219, -51.56759 
IC_1326, CW, LT, ice_cap, 0.01,      0, 71.22818, -51.50430 
IC_1327, CW, LT, ice_cap, 0.01,      0, 71.22940, -51.47099 
IC_1329, CW, LT, ice_cap, 0.01,      0, 71.22632, -51.48115 
IC_1330, CW, LT, ice_cap, 0.01,      0, 71.22532, -51.48361 
IC_1328, CE, LT, ice_cap, 20.00,      0, 70.58759, -28.99051 
IC_1331, CE, LT, ice_cap, 7.45,      0, 70.40162, -27.23946 
IC_1337, CE, LT, ice_cap, 0.02,      0, 70.35140, -27.08406 
IC_1336, CE, LT, ice_cap, 0.06,      0, 70.35171, -27.07395 
IC_1333, CE, LT, ice_cap, 14.82,      0, 70.38706, -27.35435 
IC_1338, CW, LT, ice_cap, 0.02,      0, 71.14219, -51.36767 
IC_1339, CW, LT, ice_cap, 0.01,      0, 71.14006, -51.36414 
IC_1334, CE, LT, ice_cap, 6.79,      0, 70.21017, -26.00710 
IC_1340, CW, LT, ice_cap, 0.02,      0, 71.12505, -51.49035 
IC_1343, CE, LT, ice_cap, 0.01,      0, 70.29640, -27.39496 
IC_1344, CE, LT, ice_cap, 0.01,      0, 70.28536, -27.38861 
IC_1345, CE, LT, ice_cap, 0.01,      0, 70.28424, -27.38688 
IC_1346, CE, LT, ice_cap, 9.94,      0, 70.16740, -26.53548 
IC_1342, CE, LT, ice_cap, 7.54,      0, 70.18301, -26.60692 
IC_1348, CE, LT, ice_cap, 0.02,      0, 70.27877, -27.79708 
IC_1349, CE, LT, ice_cap, 0.02,      0, 70.33575, -28.37553 
IC_1351, CE, LT, ice_cap, 0.18,      0, 70.23377, -27.48686 
IC_1352, CE, LT, ice_cap, 0.03,      0, 70.22866, -27.49179 
IC_1353, CE, LT, ice_cap, 0.01,      0, 70.32229, -28.45134 
IC_1354, CW, LT, ice_cap, 0.01,      0, 70.99064, -51.51561 
IC_1350, CE, LT, ice_cap, 8.32,      0, 70.21485, -27.45178 
IC_1355, CW, LT, ice_cap, 29.71,      0, 70.91879, -52.00081 
IC_1358, CW, LT, ice_cap, 0.01,      0, 70.92293, -51.31501 
IC_1359, CE, LT, ice_cap, 0.01,      0, 70.22310, -28.48863 
IC_1356, CE, LT, ice_cap, 8.96,      0, 69.70693, -23.97511 
IC_1360, CE, LT, ice_cap, 0.01,      0, 70.21485, -28.49033 
IC_1357, CW, LT, ice_cap, 10.66,      0, 70.89101, -51.80502 
IC_1361, CE, LT, ice_cap, 0.01,      0, 70.14647, -28.22229 
IC_1362, CE, LT, ice_cap, 0.03,      0, 70.17139, -28.50163 
IC_1363, CE, LT, ice_cap, 0.01,      0, 70.14048, -28.28269 
IC_1364, CW, LT, ice_cap, 0.09,      0, 70.74496, -52.98177 
IC_1368, CW, LT, ice_cap, 0.01,      0, 70.67642, -53.34912 
IC_1370, CW, LT, ice_cap, 0.04,      0, 70.65533, -53.58355 
IC_1371, CW, LT, ice_cap, 0.01,      0, 70.64770, -53.65403 
IC_1372, CW, LT, ice_cap, 0.01,      0, 70.65762, -53.43665 
IC_1373, CW, LT, ice_cap, 0.02,      0, 70.65642, -53.43337 
IC_1374, CW, LT, ice_cap, 0.02,      0, 70.65388, -53.42950 
IC_1375, CW, LT, ice_cap, 0.01,      0, 70.64054, -53.66991 
IC_1376, CW, LT, ice_cap, 0.01,      0, 70.64347, -53.57541 
IC_1377, CW, LT, ice_cap, 0.01,      0, 70.66395, -53.02048 
IC_1369, CW, LT, ice_cap, 5.27,      0, 70.64190, -53.49411 
IC_1378, CW, LT, ice_cap, 0.01,      0, 70.61986, -53.77258 
IC_1380, CW, LT, ice_cap, 0.01,      0, 70.62154, -53.50529 
IC_1367, CW, LT, ice_cap, 14.61,      0, 70.61543, -53.77483 
IC_1379, CW, LT, ice_cap, 8.54,      0, 70.68609, -51.80341 
IC_1382, CW, LT, ice_cap, 0.02,      0, 70.57757, -53.63970 
IC_1383, CW, LT, ice_cap, 0.01,      0, 70.58007, -53.48120 
IC_1385, CW, LT, ice_cap, 0.01,      0, 70.61313, -52.52149 
IC_1384, CW, LT, ice_cap, 17.29,      0, 70.54654, -53.47686 
IC_1386, CW, LT, ice_cap, 0.01,      0, 70.58931, -52.83076 
IC_1381, CW, LT, ice_cap, 5.67,      0, 70.55215, -53.79907 
IC_1389, CE, LT, ice_cap, 0.01,      0, 69.53475, -24.93002 
IC_1391, CW, LT, ice_cap, 0.01,      0, 70.51994, -53.44890 
IC_1388, CE, LT, ice_cap, 5.79,      0, 69.52490, -24.96792 
IC_1393, CE, LT, ice_cap, 0.01,      0, 69.45303, -25.05836 
IC_1392, CE, LT, ice_cap, 10.08,      0, 69.45591, -25.01352 
IC_1397, CW, LT, ice_cap, 0.03,      0, 70.27769, -54.21057 
IC_1399, CW, LT, ice_cap, 27.33,      0, 70.22101, -54.17720 
IC_1398, CW, LT, ice_cap, 0.01,      0, 70.27841, -54.19746 
IC_1400, CW, LT, ice_cap, 0.01,      0, 70.27678, -54.19398 
IC_1396, CE, LT, ice_cap, 7.64,      0, 69.34102, -25.37985 
IC_1402, CW, LT, ice_cap, 0.01,      0, 70.37836, -51.28358 
IC_1403, CW, LT, ice_cap, 0.01,      0, 70.35482, -51.57109 
IC_1405, CW, LT, ice_cap, 0.04,      0, 70.31342, -51.97367 
IC_1401, CE, LT, ice_cap, 16.98,      0, 69.30362, -25.42268 
IC_1404, CE, LT, ice_cap, 6.07,      0, 69.29763, -25.53453 
IC_1409, CW, LT, ice_cap, 0.02,      0, 70.17436, -54.41020 
IC_1414, CW, LT, ice_cap, 0.01,      0, 70.20303, -53.58029 
IC_1416, CW, LT, ice_cap, 0.01,      0, 70.15854, -54.32756 
IC_1410, CW, LT, ice_cap, 8.55,      0, 70.19414, -53.61749 
IC_1407, CW, LT, ice_cap, 7.18,      0, 70.26428, -52.56100 
IC_1412, CW, LT, ice_cap, 4.95,      0, 70.26914, -52.12762 
IC_1413, CW, LT, ice_cap, 4.93,      0, 70.24597, -52.49478 
IC_1411, CW, LT, ice_cap, 10.66,      0, 70.13538, -54.29203 
IC_1421, CW, LT, ice_cap, 0.01,      0, 70.25524, -51.69209 
IC_1422, CW, LT, ice_cap, 0.01,      0, 70.25246, -51.73921 
IC_1423, CW, LT, ice_cap, 0.01,      0, 70.26108, -51.49641 
IC_1419, CE, LT, ice_cap, 17.46,      0, 69.19983, -25.35997 
IC_1425, CW, LT, ice_cap, 0.01,      0, 70.15598, -53.57808 
IC_1426, CW, LT, ice_cap, 0.01,      0, 70.15248, -53.55784 
IC_1408, CW, LT, ice_cap, 10.01,      0, 70.23431, -52.42208 
IC_1415, CE, LT, ice_cap, 13.74,      0, 69.18440, -25.21879 
IC_1420, CW, LT, ice_cap, 7.65,      0, 70.11996, -54.18527 
IC_1430, CW, LT, ice_cap, 0.01,      0, 70.10481, -54.16562 
IC_1429, CW, LT, ice_cap, 0.01,      0, 70.09603, -54.32410 
IC_1431, CW, LT, ice_cap, 0.01,      0, 70.10379, -54.16780 
IC_1424, CW, LT, ice_cap, 7.29,      0, 70.09259, -54.42126 
IC_1432, CW, LT, ice_cap, 0.01,      0, 70.12342, -53.45173 
IC_1428, CW, LT, ice_cap, 8.97,      0, 70.19950, -52.00754 
IC_1433, CW, LT, ice_cap, 0.01,      0, 70.18388, -52.00288 
IC_1434, CW, LT, ice_cap, 0.02,      0, 70.19702, -51.60004 
IC_1437, CW, LT, ice_cap, 0.01,      0, 70.19558, -51.60221 
IC_1427, CW, LT, ice_cap, 5.73,      0, 70.07953, -54.31161 
IC_1439, CW, LT, ice_cap, 0.01,      0, 70.06313, -54.29496 
IC_1441, CW, LT, ice_cap, 0.01,      0, 70.18512, -51.63856 
IC_1442, CW, LT, ice_cap, 0.02,      0, 70.11039, -53.29565 
IC_1438, CW, LT, ice_cap, 12.74,      0, 70.05387, -53.96542 
IC_1436, CW, LT, ice_cap, 6.93,      0, 70.10541, -53.37088 
IC_1435, CE, LT, ice_cap, 6.98,      0, 69.12798, -25.44142 
IC_1440, CE, LT, ice_cap, 5.46,      0, 69.13367, -25.52489 
IC_1447, CW, LT, ice_cap, 0.04,      0, 70.05394, -53.89829 
IC_1446, CW, LT, ice_cap, 5.28,      0, 70.02565, -54.28610 
IC_1449, CW, LT, ice_cap, 0.01,      0, 70.15355, -51.45241 
IC_1448, CW, LT, ice_cap, 20.51,      0, 70.14047, -51.40049 
IC_1443, CW, LT, ice_cap, 8.31,      0, 70.08524, -53.35875 
IC_1452, CW, LT, ice_cap, 0.02,      0, 70.04478, -53.34855 
IC_1453, CW, LT, ice_cap, 0.01,      0, 70.11982, -51.60032 
IC_1451, CW, LT, ice_cap, 10.06,      0, 70.12494, -51.14525 
IC_1454, CW, LT, ice_cap, 0.01,      0, 70.10543, -51.62193 
IC_1455, CW, LT, ice_cap, 0.03,      0, 70.09540, -51.61675 
IC_1457, CW, LT, ice_cap, 0.01,      0, 70.01999, -53.05188 
IC_1459, CW, LT, ice_cap, 0.01,      0, 69.97693, -53.74268 
IC_1450, CW, LT, ice_cap, 26.94,      0, 70.00268, -53.72906 
IC_1460, CW, LT, ice_cap, 0.01,      0, 69.97032, -53.71326 
IC_1461, CW, LT, ice_cap, 0.01,      0, 69.97910, -53.40239 
IC_1458, CW, LT, ice_cap, 8.19,      0, 69.97164, -53.48083 
IC_1462, CW, LT, ice_cap, 0.27,      0, 70.05245, -51.71211 
IC_1465, CW, LT, ice_cap, 0.01,      0, 69.95150, -53.69164 
IC_1469, CE, LT, ice_cap, 0.01,      0, 68.98937, -25.65548 
IC_1471, CE, LT, ice_cap, 0.02,      0, 68.98898, -25.65983 
IC_1472, CE, LT, ice_cap, 0.02,      0, 68.98872, -25.66536 
IC_1464, CE, LT, ice_cap, 12.83,      0, 69.03144, -25.87429 
IC_1467, CE, LT, ice_cap, 0.75,      0, 68.98420, -25.63905 
IC_1463, CW, LT, ice_cap, 10.28,      0, 69.96792, -52.99035 
IC_1466, CE, LT, ice_cap, 12.10,      0, 69.00448, -25.79934 
IC_1473, CW, LT, ice_cap, 0.01,      0, 69.91108, -53.51021 
IC_1474, CW, LT, ice_cap, 0.01,      0, 69.88531, -53.86245 
IC_1475, CW, LT, ice_cap, 0.01,      0, 69.89487, -53.36623 
IC_1477, CW, LT, ice_cap, 0.01,      0, 69.89453, -53.15552 
IC_1476, CW, LT, ice_cap, 7.30,      0, 69.82613, -54.26791 
IC_1478, CW, LT, ice_cap, 0.11,      0, 69.83114, -54.18474 
IC_1479, CW, LT, ice_cap, 0.03,      0, 69.88108, -53.06053 
IC_1481, CW, LT, ice_cap, 0.01,      0, 69.84105, -53.33803 
IC_1482, CW, LT, ice_cap, 0.01,      0, 69.79364, -54.09657 
IC_1483, CW, LT, ice_cap, 0.01,      0, 69.77631, -53.99941 
IC_1484, CW, LT, ice_cap, 0.01,      0, 69.80669, -53.22912 
IC_1485, CW, LT, ice_cap, 0.02,      0, 69.80523, -53.23113 
IC_1486, CW, LT, ice_cap, 0.02,      0, 69.80333, -53.23295 
IC_1487, CW, LT, ice_cap, 0.01,      0, 69.74212, -54.28746 
IC_1488, CW, LT, ice_cap, 0.02,      0, 69.77990, -53.49798 
IC_1490, CW, LT, ice_cap, 0.02,      0, 69.77839, -53.43057 
IC_1491, CW, LT, ice_cap, 0.01,      0, 69.73426, -54.15288 
IC_1492, CW, LT, ice_cap, 0.02,      0, 69.78243, -53.23467 
IC_1493, CW, LT, ice_cap, 0.06,      0, 69.77557, -53.23311 
IC_1489, CW, LT, ice_cap, 15.11,      0, 69.76171, -53.46373 
IC_1494, CW, LT, ice_cap, 0.01,      0, 69.79970, -52.70008 
IC_1495, CW, LT, ice_cap, 0.01,      0, 69.71588, -54.09206 
IC_1496, CW, LT, ice_cap, 0.04,      0, 69.71317, -54.06729 
IC_1498, CW, LT, ice_cap, 0.01,      0, 69.72925, -53.72957 
IC_1497, CW, LT, ice_cap, 7.28,      0, 69.70336, -53.77960 
IC_1499, CW, LT, ice_cap, 0.09,      0, 69.74094, -53.46812 
IC_1500, CW, LT, ice_cap, 0.01,      0, 69.76858, -52.66964 
IC_1501, CW, LT, ice_cap, 0.01,      0, 69.76527, -52.66313 
IC_1502, CW, LT, ice_cap, 12.41,      0, 69.69174, -53.41793 
IC_1503, CW, LT, ice_cap, 0.17,      0, 69.68850, -53.73902 
IC_1505, CW, LT, ice_cap, 0.01,      0, 69.70147, -53.41208 
IC_1506, CW, LT, ice_cap, 0.03,      0, 69.70051, -53.40733 
IC_1507, CW, LT, ice_cap, 0.01,      0, 69.69920, -53.40330 
IC_1508, CW, LT, ice_cap, 0.01,      0, 69.71247, -53.12207 
IC_1509, CW, LT, ice_cap, 0.01,      0, 69.63413, -54.39829 
IC_1510, CW, LT, ice_cap, 0.01,      0, 69.72173, -52.72441 
IC_1504, CW, LT, ice_cap, 8.85,      0, 69.62573, -54.42486 
IC_1511, CW, LT, ice_cap, 0.01,      0, 69.71705, -52.72779 
IC_1512, CW, LT, ice_cap, 0.02,      0, 69.71634, -52.72360 
IC_1513, CW, LT, ice_cap, 0.01,      0, 69.67158, -53.41239 
IC_1514, CW, LT, ice_cap, 0.01,      0, 69.70799, -52.57324 
IC_1515, CW, LT, ice_cap, 0.03,      0, 69.68715, -52.63288 
IC_1516, CW, LT, ice_cap, 0.02,      0, 69.68482, -52.63458 
IC_1517, CW, LT, ice_cap, 0.01,      0, 69.68509, -52.61908 
IC_1519, CW, LT, ice_cap, 0.01,      0, 69.68908, -52.49320 
IC_1518, CW, LT, ice_cap, 0.04,      0, 69.68242, -52.63756 
IC_1520, CW, LT, ice_cap, 0.01,      0, 69.68047, -52.64070 
IC_1521, CW, LT, ice_cap, 6.20,      0, 69.60151, -53.63274 
IC_1522, CW, LT, ice_cap, 0.01,      0, 69.65276, -52.43795 
IC_1524, CW, LT, ice_cap, 0.02,      0, 69.61577, -52.62358 
IC_1523, CE, LT, ice_cap, 9.29,      0, 68.75126, -26.85625 
IC_1525, CW, LT, ice_cap, 0.01,      0, 69.59829, -52.60134 
IC_1526, CW, LT, ice_cap, 7.39,      0, 69.55252, -53.12792 
IC_1527, CW, LT, ice_cap, 0.08,      0, 69.57546, -52.74328 
IC_1529, CW, LT, ice_cap, 0.01,      0, 69.54634, -53.09825 
IC_1528, CW, LT, ice_cap, 8.09,      0, 69.51430, -53.43298 
IC_1530, CW, LT, ice_cap, 0.38,      0, 69.52243, -53.49093 
IC_1532, CW, LT, ice_cap, 0.02,      0, 69.49572, -52.99778 
IC_1531, CE, LT, ice_cap, 8.29,      0, 68.68996, -27.11517 
IC_1533, CW, LT, ice_cap, 0.01,      0, 69.48700, -52.68259 
IC_1535, CW, LT, ice_cap, 6.00,      0, 69.36034, -53.36448 
IC_1536, CW, LT, ice_cap, 0.01,      0, 69.35336, -53.32011 
IC_1537, CW, LT, ice_cap, 0.01,      0, 69.36346, -53.08598 
IC_1539, CW, LT, ice_cap, 0.01,      0, 69.29706, -53.70071 
IC_1540, CW, LT, ice_cap, 0.01,      0, 69.29151, -53.61906 
IC_1538, CW, LT, ice_cap, 5.93,      0, 69.31071, -53.35953 
IC_1541, CW, LT, ice_cap, 0.01,      0, 69.28625, -53.59892 
IC_1544, CE, LT, ice_cap, 0.01,      0, 68.39689, -29.00357 
IC_1543, CE, LT, ice_cap, 5.78,      0, 68.40323, -29.02741 
IC_1545, CE, LT, ice_cap, 0.01,      0, 68.39665, -29.05411 
IC_1542, CE, LT, ice_cap, 13.34,      0, 68.43254, -29.07104 
IC_1548, CE, LT, ice_cap, 11.91,      0, 68.35339, -29.29527 
IC_1547, CE, LT, ice_cap, 16.14,      0, 68.39314, -29.67012 
IC_1549, CE, LT, ice_cap, 5.54,      0, 68.32445, -29.19970 
IC_1551, CE, LT, ice_cap, 29.71,      0, 68.29147, -29.52629 
IC_1552, CE, LT, ice_cap, 7.44,      0, 68.29534, -29.42313 
IC_1553, CE, LT, ice_cap, 0.01,      0, 68.27599, -29.56948 
IC_1557, CE, LT, ice_cap, 0.01,      0, 68.49669, -32.78100 
IC_1556, CE, LT, ice_cap, 5.67,      0, 68.23067, -29.86254 
IC_1559, CE, LT, ice_cap, 0.02,      0, 68.39621, -32.02543 
IC_1560, CE, LT, ice_cap, 0.02,      0, 68.39574, -32.03069 
IC_1558, CE, LT, ice_cap, 8.28,      0, 68.22296, -30.19963 
IC_1561, CE, LT, ice_cap, 6.88,      0, 68.22138, -30.32544 
IC_1563, CE, LT, ice_cap, 0.01,      0, 68.34052, -31.77144 
IC_1564, CE, LT, ice_cap, 0.01,      0, 68.35392, -31.95885 
IC_1566, CE, LT, ice_cap, 0.01,      0, 68.35245, -31.95234 
IC_1567, CE, LT, ice_cap, 0.02,      0, 68.35107, -31.94700 
IC_1569, CE, LT, ice_cap, 0.02,      0, 68.34960, -31.94049 
IC_1570, CE, LT, ice_cap, 0.01,      0, 68.34797, -31.97498 
IC_1562, CE, LT, ice_cap, 5.65,      0, 68.18407, -30.13720 
IC_1565, CE, LT, ice_cap, 6.40,      0, 68.17221, -30.19681 
IC_1568, CE, LT, ice_cap, 12.07,      0, 68.16833, -30.27669 
IC_1571, CE, LT, ice_cap, 0.01,      0, 68.31608, -32.08400 
IC_1575, CE, LT, ice_cap, 5.41,      0, 68.22070, -31.66017 
IC_1573, CE, LT, ice_cap, 14.26,      0, 68.22248, -31.52392 
IC_1574, CE, LT, ice_cap, 10.20,      0, 68.16565, -31.15493 
IC_1577, CE, LT, ice_cap, 0.02,      0, 68.14320, -31.09891 
IC_1579, CE, LT, ice_cap, 13.39,      0, 68.11826, -31.16942 
IC_1580, CE, LT, ice_cap, 0.01,      0, 68.13629, -31.34966 
IC_1578, CE, LT, ice_cap, 6.28,      0, 68.14419, -31.29782 
IC_1576, CE, LT, ice_cap, 9.27,      0, 68.17173, -31.61996 
IC_1582, CE, LT, ice_cap, 0.01,      0, 68.22371, -32.53225 
IC_1583, CE, LT, ice_cap, 0.01,      0, 68.08440, -31.11329 
IC_1581, CE, LT, ice_cap, 5.57,      0, 68.09375, -31.09621 
IC_1584, CE, LT, ice_cap, 5.16,      0, 67.80321, -32.55303 
IC_1586, CE, LT, ice_cap, 25.68,      0, 67.47285, -33.39804 
IC_1587, CE, LT, ice_cap, 15.68,      0, 67.38688, -33.41488 
IC_1589, CE, LT, ice_cap, 0.01,      0, 67.36299, -33.74346 
IC_1590, CE, LT, ice_cap, 0.01,      0, 67.34343, -33.57253 
IC_1592, CE, LT, ice_cap, 0.01,      0, 67.12217, -33.64083 
IC_1593, CE, LT, ice_cap, 0.01,      0, 67.09883, -33.67844 
IC_1594, SW, LT, ice_cap, 11.28,      0, 67.20719, -53.13018 
IC_1595, SW, LT, ice_cap, 7.16,      0, 67.17856, -52.72616 
IC_1596, SW, LT, ice_cap, 7.22,      0, 67.16808, -52.58331 
IC_1597, SW, LT, ice_cap, 13.73,      0, 67.10113, -53.13820 
IC_1600, NO, LT, ice_cap, 0.01,      0, 66.44177, -34.75250 
IC_1602, NO, LT, ice_cap, 0.06,      0, 66.45361, -35.55116 
IC_1603, NO, LT, ice_cap, 0.01,      0, 66.45223, -35.53713 
IC_1601, NO, LT, ice_cap, 5.28,      0, 66.41768, -35.05126 
IC_1605, NO, LT, ice_cap, 0.03,      0, 66.38341, -34.81696 
IC_1604, NO, LT, ice_cap, 0.12,      0, 66.43621, -35.58888 
IC_1606, NO, LT, ice_cap, 0.01,      0, 66.43445, -35.59391 
IC_1608, SW, LT, ice_cap, 0.01,      0, 66.51306, -52.74460 
IC_1610, NO, LT, ice_cap, 0.01,      0, 66.40011, -35.87912 
IC_1614, NO, LT, ice_cap, 0.01,      0, 66.38276, -35.81894 
IC_1607, SW, LT, ice_cap, 16.44,      0, 66.48846, -52.74493 
IC_1609, SW, LT, ice_cap, 9.82,      0, 66.45699, -52.88953 
IC_1613, SW, LT, ice_cap, 3.00,      0, 66.43175, -53.14360 
IC_1617, NO, LT, ice_cap, 0.01,      0, 66.35008, -35.77176 
IC_1618, NO, LT, ice_cap, 0.01,      0, 66.34729, -35.78406 
IC_1619, NO, LT, ice_cap, 0.01,      0, 66.34656, -35.78659 
IC_1620, NO, LT, ice_cap, 0.01,      0, 66.34583, -35.78912 
IC_1622, NO, LT, ice_cap, 0.01,      0, 66.34509, -35.79165 
IC_1623, NO, LT, ice_cap, 0.01,      0, 66.34436, -35.79418 
IC_1624, NO, LT, ice_cap, 0.02,      0, 66.34370, -35.79780 
IC_1625, NO, LT, ice_cap, 0.01,      0, 66.34304, -35.80142 
IC_1626, NO, LT, ice_cap, 0.01,      0, 66.34230, -35.80395 
IC_1627, NO, LT, ice_cap, 0.01,      0, 66.34157, -35.80647 
IC_1628, NO, LT, ice_cap, 0.01,      0, 66.33706, -35.80606 
IC_1612, SW, LT, ice_cap, 10.00,      0, 66.41753, -53.15256 
IC_1629, NO, LT, ice_cap, 0.01,      0, 66.32987, -35.75090 
IC_1615, SW, LT, ice_cap, 15.15,      0, 66.42902, -52.86267 
IC_1633, NO, LT, ice_cap, 0.01,      0, 66.37973, -36.83897 
IC_1616, SW, LT, ice_cap, 12.87,      0, 66.42940, -52.58237 
IC_1635, SW, LT, ice_cap, 0.01,      0, 66.39719, -52.81907 
IC_1638, NO, LT, ice_cap, 0.08,      0, 66.31131, -35.85685 
IC_1639, NO, LT, ice_cap, 0.03,      0, 66.31057, -35.86802 
IC_1621, NO, LT, ice_cap, 5.70,      0, 66.41115, -37.26071 
IC_1636, NO, LT, ice_cap, 8.15,      0, 66.38183, -37.38109 
IC_1630, NO, LT, ice_cap, 5.85,      0, 66.39032, -37.11328 
IC_1641, NO, LT, ice_cap, 0.58,      0, 66.38066, -37.34662 
IC_1642, NO, LT, ice_cap, 0.03,      0, 66.37571, -37.33908 
IC_1632, SW, LT, ice_cap, 10.64,      0, 66.39417, -52.66660 
IC_1643, NO, LT, ice_cap, 0.01,      0, 66.32505, -36.72936 
IC_1640, SW, LT, ice_cap, 10.25,      0, 66.35309, -52.92829 
IC_1631, SW, LT, ice_cap, 26.12,      0, 66.37222, -52.76765 
IC_1645, SW, LT, ice_cap, 0.01,      0, 66.33538, -52.47323 
IC_1644, NO, LT, ice_cap, 18.36,      0, 66.23399, -35.89448 
IC_1647, NO, LT, ice_cap, 0.01,      0, 66.22187, -35.93888 
IC_1646, SW, LT, ice_cap, 9.56,      0, 66.30196, -52.60567 
IC_1650, NO, LT, ice_cap, 0.01,      0, 66.22457, -36.69460 
IC_1651, NO, LT, ice_cap, 0.02,      0, 66.22200, -36.69664 
IC_1652, NO, LT, ice_cap, 0.01,      0, 66.22093, -36.69370 
IC_1649, SW, LT, ice_cap, 6.30,      0, 66.22688, -52.99464 
IC_1654, NO, LT, ice_cap, 0.01,      0, 66.16536, -36.55672 
IC_1658, NO, LT, ice_cap, 0.77,      0, 66.05612, -36.00271 
IC_1660, SW, LT, ice_cap, 0.01,      0, 66.13261, -52.65666 
IC_1661, NO, LT, ice_cap, 0.01,      0, 66.09558, -36.78289 
IC_1657, NO, LT, ice_cap, 6.31,      0, 66.12921, -37.19324 
IC_1656, NO, LT, ice_cap, 11.73,      0, 66.11721, -37.11521 
IC_1662, SW, LT, ice_cap, 0.03,      0, 66.09489, -52.80121 
IC_1663, NO, LT, ice_cap, 0.01,      0, 66.06794, -36.83014 
IC_1664, SW, LT, ice_cap, 0.01,      0, 66.07472, -52.95871 
IC_1665, SW, LT, ice_cap, 0.01,      0, 66.19562, -50.27160 
IC_1666, NO, LT, ice_cap, 0.01,      0, 66.04842, -36.83264 
IC_1670, SW, LT, ice_cap, 0.01,      0, 66.07483, -52.33414 
IC_1669, SW, LT, ice_cap, 0.28,      0, 66.05682, -52.63936 
IC_1671, SW, LT, ice_cap, 0.01,      0, 66.09108, -51.85352 
IC_1673, SW, LT, ice_cap, 0.01,      0, 66.08746, -51.85464 
IC_1672, SW, LT, ice_cap, 0.05,      0, 66.07012, -52.19776 
IC_1668, NO, LT, ice_cap, 5.61,      0, 66.05013, -37.32628 
IC_1676, NO, LT, ice_cap, 0.01,      0, 65.96711, -36.17243 
IC_1675, NO, LT, ice_cap, 11.50,      0, 65.99603, -37.29604 
IC_1674, NO, LT, ice_cap, 6.11,      0, 66.01869, -37.26601 
IC_1667, NO, LT, ice_cap, 6.06,      0, 66.05980, -37.43908 
IC_1677, SW, LT, ice_cap, 0.01,      0, 66.13896, -50.14456 
IC_1678, SW, LT, ice_cap, 0.01,      0, 66.01288, -52.75533 
IC_1679, SW, LT, ice_cap, 0.05,      0, 66.03354, -52.34916 
IC_1683, SW, LT, ice_cap, 0.03,      0, 66.04270, -51.96127 
IC_1684, SW, LT, ice_cap, 0.07,      0, 66.02217, -52.04411 
IC_1682, NO, LT, ice_cap, 6.96,      0, 65.99163, -37.36499 
IC_1680, SW, LT, ice_cap, 6.88,      0, 65.99449, -52.68362 
IC_1685, SW, LT, ice_cap, 0.01,      0, 66.08841, -50.16619 
IC_1688, SW, LT, ice_cap, 0.01,      0, 66.06612, -50.35816 
IC_1687, SW, LT, ice_cap, 6.85,      0, 65.93581, -52.99965 
IC_1681, NO, LT, ice_cap, 24.85,      0, 65.98013, -37.53373 
IC_1690, SW, LT, ice_cap, 3.28,      0, 65.93523, -52.46525 
IC_1692, SW, LT, ice_cap, 0.02,      0, 65.93837, -52.45173 
IC_1693, SW, LT, ice_cap, 0.09,      0, 65.93710, -52.44392 
IC_1691, NO, LT, ice_cap, 6.14,      0, 65.92063, -37.51728 
IC_1694, SW, LT, ice_cap, 0.32,      0, 65.93606, -52.29013 
IC_1697, SW, LT, ice_cap, 0.58,      0, 65.86124, -52.58557 
IC_1698, SW, LT, ice_cap, 0.01,      0, 65.87770, -52.11094 
IC_1696, SW, LT, ice_cap, 6.41,      0, 65.97834, -50.24425 
IC_1695, SW, LT, ice_cap, 9.28,      0, 65.85704, -52.60396 
IC_1699, SW, LT, ice_cap, 5.27,      0, 65.84302, -52.35231 
IC_1700, NO, LT, ice_cap, 25.00,      0, 65.82099, -37.65541 
IC_1701, SW, LT, ice_cap, 0.05,      0, 65.83470, -52.24659 
IC_1703, NO, LT, ice_cap, 0.01,      0, 65.81955, -37.56116 
IC_1702, NO, LT, ice_cap, 11.52,      0, 65.80084, -37.56587 
IC_1705, SW, LT, ice_cap, 5.82,      0, 65.70145, -52.94468 
IC_1704, NO, LT, ice_cap, 11.60,      0, 65.78487, -38.22822 
IC_1709, NO, LT, ice_cap, 5.08,      0, 65.68356, -37.45736 
IC_1707, NO, LT, ice_cap, 8.47,      0, 65.70175, -37.53431 
IC_1708, NO, LT, ice_cap, 11.74,      0, 65.65222, -37.05653 
IC_1710, SW, LT, ice_cap, 15.51,      0, 65.70397, -51.34311 
IC_1711, SW, LT, ice_cap, 6.94,      0, 65.69655, -51.14127 
IC_1714, SW, LT, ice_cap, 7.38,      0, 65.66119, -51.55577 
IC_1713, SW, LT, ice_cap, 18.43,      0, 65.58704, -52.62952 
IC_1716, SW, LT, ice_cap, 12.07,      0, 65.30816, -51.83290 
IC_1718, NO, LT, ice_cap, 0.01,      0, 64.60952, -40.44468 
IC_1719, NO, LT, ice_cap, 0.01,      0, 64.60470, -40.48464 
IC_1721, NO, LT, ice_cap, 0.04,      0, 64.44382, -40.20194 
IC_1723, NO, LT, ice_cap, 0.02,      0, 64.27797, -40.98011 
IC_1725, NO, LT, ice_cap, 0.07,      0, 64.26820, -40.74737 
IC_1726, NO, LT, ice_cap, 0.01,      0, 64.26359, -40.73310 
IC_1724, NO, LT, ice_cap, 11.32,      0, 64.26924, -41.26952 
IC_1727, SW, LT, ice_cap, 8.55,      0, 64.02628, -50.71708 
IC_1728, SW, LT, ice_cap, 13.96,      0, 63.99256, -50.87947 
IC_1729, SW, LT, ice_cap, 6.83,      0, 63.95339, -51.09593 
IC_1730, SW, LT, ice_cap, 7.67,      0, 63.91349, -51.16067 
IC_1731, SW, LT, ice_cap, 6.25,      0, 63.87802, -50.45741 
IC_1733, SW, LT, ice_cap, 5.53,      0, 63.85634, -50.52147 
IC_1734, SW, LT, ice_cap, 1.39,      0, 63.84971, -50.66006 
IC_1735, SW, LT, ice_cap, 5.22,      0, 63.83421, -50.43258 
IC_1736, SW, LT, ice_cap, 0.06,      0, 63.77822, -51.06812 
IC_1738, SW, LT, ice_cap, 0.01,      0, 63.77812, -50.38115 
IC_1739, SW, LT, ice_cap, 0.01,      0, 63.77204, -50.35795 
IC_1740, SW, LT, ice_cap, 0.01,      0, 63.74736, -50.54573 
IC_1737, NO, LT, ice_cap, 10.78,      0, 63.82998, -41.35495 
IC_1741, SW, LT, ice_cap, 5.82,      0, 63.71821, -50.83729 
IC_1745, SW, LT, ice_cap, 0.05,      0, 63.60144, -50.67460 
IC_1743, SW, LT, ice_cap, 28.68,      0, 63.59237, -50.70429 
IC_1744, NO, LT, ice_cap, 5.45,      0, 63.67791, -41.28028 
IC_1747, SW, LT, ice_cap, 0.01,      0, 63.59705, -50.59803 
IC_1746, SW, LT, ice_cap, 7.47,      0, 63.57854, -50.86888 
IC_1750, NO, LT, ice_cap, 17.86,      0, 63.54395, -40.90360 
IC_1749, SW, LT, ice_cap, 6.03,      0, 63.48944, -50.83436 
IC_1751, SW, LT, ice_cap, 8.18,      0, 63.48049, -50.92494 
IC_1748, SW, LT, ice_cap, 10.84,      0, 63.50802, -50.57318 
IC_1752, SW, LT, ice_cap, 5.53,      0, 63.46534, -50.78096 
IC_1758, SW, LT, ice_cap, 0.01,      0, 63.42794, -50.24667 
IC_1755, SW, LT, ice_cap, 13.97,      0, 63.43262, -50.52500 
IC_1759, NO, LT, ice_cap, 0.05,      0, 63.46843, -41.07135 
IC_1757, NO, LT, ice_cap, 6.45,      0, 63.47242, -41.09573 
IC_1754, NO, LT, ice_cap, 7.52,      0, 63.50743, -41.57758 
IC_1756, NO, LT, ice_cap, 6.53,      0, 63.47610, -41.25412 
IC_1764, SW, LT, ice_cap, 0.07,      0, 63.29756, -50.61832 
IC_1766, SW, LT, ice_cap, 0.01,      0, 63.28836, -50.66965 
IC_1767, SW, LT, ice_cap, 0.01,      0, 63.29487, -50.48143 
IC_1763, NO, LT, ice_cap, 6.51,      0, 63.37059, -41.52643 
IC_1762, SW, LT, ice_cap, 16.39,      0, 63.31947, -50.15453 
IC_1765, NO, LT, ice_cap, 17.91,      0, 63.34843, -41.57942 
IC_1769, SW, LT, ice_cap, 5.76,      0, 63.25795, -50.42647 
IC_1768, NO, LT, ice_cap, 10.86,      0, 63.31212, -41.33867 
IC_1770, NO, LT, ice_cap, 12.56,      0, 63.30058, -41.50043 
IC_1771, NO, LT, ice_cap, 10.13,      0, 63.28932, -41.32806 
IC_1774, NO, LT, ice_cap, 0.01,      0, 63.25515, -41.66298 
IC_1773, NO, LT, ice_cap, 5.86,      0, 63.24598, -41.27522 
IC_1775, NO, LT, ice_cap, 0.01,      0, 63.24508, -41.64677 
IC_1776, NO, LT, ice_cap, 0.01,      0, 63.23001, -41.64095 
IC_1777, SW, LT, ice_cap, 25.40,      0, 63.14153, -49.85618 
IC_1778, NO, LT, ice_cap, 0.01,      0, 63.18480, -41.72252 
IC_1779, NO, LT, ice_cap, 0.01,      0, 63.18397, -41.72457 
IC_1782, SW, LT, ice_cap, 0.01,      0, 63.11156, -50.04871 
IC_1780, SW, LT, ice_cap, 3.41,      0, 63.11678, -50.01706 
IC_1783, SW, LT, ice_cap, 0.01,      0, 63.05370, -50.02390 
IC_1785, SW, LT, ice_cap, 0.03,      0, 63.03912, -49.95596 
IC_1786, NO, LT, ice_cap, 5.28,      0, 63.06547, -41.45614 
IC_1784, SW, LT, ice_cap, 22.88,      0, 63.01849, -49.99208 
IC_1787, SW, LT, ice_cap, 0.09,      0, 63.00639, -49.94971 
IC_1788, SW, LT, ice_cap, 0.02,      0, 63.00513, -49.94207 
IC_1789, NO, LT, ice_cap, 5.93,      0, 62.96302, -41.80423 
IC_1790, NO, LT, ice_cap, 12.15,      0, 62.94550, -41.70318 
IC_1791, NO, LT, ice_cap, 11.45,      0, 62.89793, -41.86532 
IC_1792, NO, LT, ice_cap, 8.34,      0, 62.86623, -41.93087 
IC_1793, NO, LT, ice_cap, 6.67,      0, 62.82944, -42.07027 
IC_1794, NO, LT, ice_cap, 6.92,      0, 62.74128, -42.28554 
IC_1795, NO, LT, ice_cap, 12.97,      0, 62.73695, -42.90031 
IC_1796, NO, LT, ice_cap, 12.23,      0, 62.73280, -42.80266 
IC_1799, NO, LT, ice_cap, 26.76,      0, 62.52343, -42.44131 
IC_1801, NO, LT, ice_cap, 7.01,      0, 62.46502, -43.02172 
IC_1800, NO, LT, ice_cap, 14.87,      0, 62.45630, -42.61174 
IC_1802, NO, LT, ice_cap, 15.87,      0, 62.40526, -42.43953 
IC_1803, SW, LT, ice_cap, 6.60,      0, 61.73381, -48.52468 
IC_1804, NO, LT, ice_cap, 11.55,      0, 61.21814, -42.82558 
IC_1805, SW, LT, ice_cap, 8.67,      0, 61.12748, -45.08549 
IC_1807, NO, LT, ice_cap, 5.74,      0, 60.87237, -42.77092 
IC_1806, NO, LT, ice_cap, 7.74,      0, 60.87349, -42.84028 
IC_1811, SW, LT, ice_cap, 6.23,      0, 60.80924, -44.88176 
IC_1812, SW, LT, ice_cap, 0.02,      0, 60.80499, -44.89268 
IC_1813, SW, LT, ice_cap, 0.01,      0, 60.80369, -44.89446 
IC_1810, SW, LT, ice_cap, 5.73,      0, 60.81454, -44.60030 
IC_1809, SW, LT, ice_cap, 21.14,      0, 60.79922, -44.67414 
IC_1814, SW, LT, ice_cap, 13.82,      0, 60.76724, -44.74175 
IC_1815, SW, LT, ice_cap, 0.01,      0, 60.77500, -44.81484 
IC_1816, SW, LT, ice_cap, 0.01,      0, 60.77498, -44.80243 
IC_1817, SW, LT, ice_cap, 0.01,      0, 60.77495, -44.78826 
IC_1818, SW, LT, ice_cap, 0.01,      0, 60.77411, -44.79889 
IC_1819, SW, LT, ice_cap, 0.02,      0, 60.77324, -44.79624 
IC_1820, SW, LT, ice_cap, 0.01,      0, 60.77294, -44.66602 
IC_1821, SW, LT, ice_cap, 0.02,      0, 60.77236, -44.79271 
IC_1823, NO, LT, ice_cap, 0.02,      0, 60.60122, -43.82887 
IC_1822, NO, LT, ice_cap, 10.23,      0, 60.59646, -43.87167 
IC_1824, NO, LT, ice_cap, 0.01,      0, 60.59950, -43.82982 
IC_1825, SW, LT, ice_cap, 6.21,      0, 60.55705, -44.66355 
IC_1826, NO, LT, ice_cap, 11.10,      0, 60.48936, -43.73292 
IC_1827, SW, LT, ice_cap, 15.41,      0, 60.36884, -44.45813 
IC_1828, SW, LT, ice_cap, 12.60,      0, 60.34235, -44.16451 
IC_1829, SW, LT, ice_cap, 0.03,      0, 60.34180, -44.11501 
IC_1831, SW, LT, ice_cap, 0.01,      0, 60.32174, -44.13075 
IC_1830, SW, LT, ice_cap, 5.77,      0, 60.31483, -44.53729 
IC_1832, SW, LT, ice_cap, 23.48,      0, 60.28150, -44.34711 
IC_1833, SW, LT, ice_cap, 5.42,      0, 60.20210, -44.45469 
IC_1835, NO, LT, ice_cap, 12.47,      0, 60.01742, -43.72236 
IC_1838, NO, LT, ice_cap, 0.03,      0, 60.02584, -43.65298 
IC_1836, NO, LT, ice_cap, 5.41,      0, 60.02715, -43.55135 
IC_1837, NO, LT, ice_cap, 10.11,      0, 60.01546, -43.65253 
IC_1839, NO, LT, ice_cap, 5.99,      0, 59.98897, -43.76806 
