id,sector_id,name,region,sector_type,gl_type,area,volume,lat,lon
001,057,NIOGHALVFJERDSFJORDEN,NE,TW, ice_sheet, 108288.3, 234537.76, 78.26728, -35.83446 
002,058,ZACHARIAE_ISSTROM,NE,TW, ice_sheet, 89768.8, 220275.68, 76.13748, -35.06483 
003,217,JAKOBSHAVN_ISBRAE,CW,TW, ice_sheet, 78155.4, 196676.14, 69.74218, -42.80846 
004,222,PETERMANN_GLETSCHER,NO,TW, ice_sheet, 71268.7, 147502.67, 78.99599, -51.12405 
005,039,SAQQAP-MAJORQAQ-SOUTHTERRUSSEL_SOUTHQUARUSSEL,SW,LT, ice_sheet, 60904.1, 93152.10, 65.93980, -46.99479 
006,240,STORSTROMMEN,NE,LT, ice_sheet, 56437.7, 107721.54, 75.97336, -30.73944 
007,101,KANGERLUSSUAQ,CE,TW, ice_sheet, 50714.5, 100232.92, 69.54051, -35.12101 
008,062,HELHEIMGLETSCHER,SE,TW, ice_sheet, 50283.0, 107403.25, 67.60682, -39.28595 
009,059,DAUGAARD-JENSEN,CE,TW, ice_sheet, 49925.9, 114072.00, 71.92047, -33.97462 
010,049,HUMBOLDT_GLETSCHER,NO,TW, ice_sheet, 46941.9, 75671.74, 78.61786, -58.49780 
011,008,STORE_GLETSCHER,CW,TW, ice_sheet, 30047.8, 75035.08, 71.39093, -43.96187 
012,002,RINK_ISBRAE,CW,TW, ice_sheet, 29682.5, 65999.81, 72.31730, -45.92344 
013,052,RYDER_GLETSCHER,NO,TW, ice_sheet, 28746.3, 49569.82, 80.08499, -46.51969 
014,010,USULLUUP_SERMIA,SW,LT, ice_sheet, 25951.9, 50996.94, 67.94600, -45.34826 
015,213,HAYES_GLETSCHER_N_NN,NW,TW, ice_sheet, 24818.2, 52891.90, 75.56653, -49.64199 
016,138,WALTERSHAUSEN,NE,TW, ice_sheet, 24130.8, 40759.18, 74.40863, -30.88518 
017,126,KONG_OSCAR_GLETSCHER,NW,TW, ice_sheet, 22586.8, 45178.56, 77.00224, -54.21560 
018,238,AB_DRACHMANN_GLETSCHER_L_BISTRUP_BRAE,NE,LT, ice_sheet, 21634.8, 24235.23, 75.84157, -27.10224 
019,219,NORDENSKIOLD_GLETSCHER,CW,LT, ice_sheet, 21214.4, 44017.12, 68.50913, -44.67864 
020,085,UPERNAVIK_ISSTROM_N,NW,TW, ice_sheet, 21026.5, 50574.55, 73.41007, -46.37564 
021,031,ILLULLIP_SERMIA,NW,TW, ice_sheet, 19835.5, 42845.30, 74.63176, -48.53345 
022,060,EIELSON_HARE_FJORD-ROLIGE,CE,TW, ice_sheet, 18788.8, 29111.69, 70.86441, -31.81233 
023,080,SERMEQ_KUJALLEQ,CW,TW, ice_sheet, 18287.3, 45052.74, 70.79865, -43.58813 
024,105,KOGE_BUGT_C,SE,TW, ice_sheet, 17717.9, 30147.70, 65.43851, -43.13879 
025,015,KANGIATA_NUNAATA_SERMIA,SW,TW, ice_sheet, 17333.3, 30594.82, 64.10679, -46.54442 
026,017,SERMEQ-KANGAASARSUUP,SW,LT, ice_sheet, 17299.2, 23621.01, 63.58192, -47.46443 
027,070,ISUNNGUATA-RUSSELL,SW,LT, ice_sheet, 17234.3, 29959.26, 67.13236, -46.31426 
028,206,UPERNAVIK_ISSTROM_C,NW,TW, ice_sheet, 16633.8, 38365.94, 73.07895, -46.84129 
029,215,HAGEN_BRAE,NO,TW, ice_sheet, 16321.0, 25154.96, 80.36718, -35.06752 
030,216,NE_NONAME1,NE,LT, ice_sheet, 16189.2, 16347.12, 80.05939, -29.24555 
031,055,ACADEMY,NO,TW, ice_sheet, 14347.4, 21527.78, 80.63065, -37.47193 
032,026,KAKIVFAAT_SERMIAT,NW,TW, ice_sheet, 13552.2, 29151.90, 73.80750, -48.14924 
033,068,UKAASORSUAQ,SW,TW, ice_sheet, 13472.8, 19298.78, 62.57506, -46.44767 
034,139,GERARD_DE_GEER,NE,TW, ice_sheet, 13468.3, 15481.34, 73.67551, -30.77692 
035,005,SERMEQ_SILARLEQ,CW,TW, ice_sheet, 11956.8, 26995.64, 71.72731, -45.27345 
036,069,FREDERIKSHABS-NAKKAASORSUAQ,SW,LT, ice_sheet, 11801.8, 9126.02, 63.00576, -48.27796 
037,073,KONG_CHRISTIAN,CE,TW, ice_sheet, 11585.5, 6827.59, 69.25497, -30.33100 
038,083,OSTENFELD_GLETSCHER,NO,TW, ice_sheet, 11518.5, 15147.55, 80.82919, -42.96606 
039,075,VESTFJORD,CE,TW, ice_sheet, 11215.2, 10246.60, 70.15872, -30.98372 
040,036,NANSEN_GLETSCHER,NW,TW, ice_sheet, 10935.6, 22954.56, 76.50633, -51.83830 
041,032,ALISON_GLETSCHER,NW,TW, ice_sheet, 10778.3, 22468.75, 74.95097, -49.09961 
042,175,DODGE,NO,LT, ice_sheet, 10747.8, 7799.67, 78.40042, -66.28466 
043,086,WORDIE-VIBEKE,NE,LT, ice_sheet, 10224.3, 8852.41, 74.82056, -25.11799 
044,035,SVERDRUP_GLETSCHER,NW,TW, ice_sheet, 10082.3, 17983.88, 76.20845, -52.76552 
045,239,SORANERBRAEEN-EINAR_MIKKELSEN-HEINKEL-TVEGEGLETSCHER-PASTERZE,NE,LT, ice_sheet, 9879.3, 7950.96, 75.37701, -24.88805 
046,218,SAQQARLIUP_ALANGORLIUP,CW,TW, ice_sheet, 9758.9, 20820.76, 68.82781, -44.10377 
047,011,INUPPAAT_QUUAT,SW,LT, ice_sheet, 9483.1, 16119.95, 67.51441, -46.35445 
048,037,STEENSTRUP-DIETRICHSON,NW,TW, ice_sheet, 9286.8, 15994.96, 75.93974, -52.51787 
049,094,UNNAMED_DECEPTION_O_CN_CS,CE,TW, ice_sheet, 9237.5, 7919.03, 67.85884, -35.01903 
050,137,ADOLF_HOEL,NE,TW, ice_sheet, 9096.4, 7708.24, 74.17469, -29.12877 
051,033,HAYES_GLETSCHER_M_SS,NW,TW, ice_sheet, 8973.9, 18289.65, 75.17507, -49.61947 
052,028,USSING_BRAEER,NW,TW, ice_sheet, 8818.8, 19724.62, 74.11787, -47.92572 
053,046,HEILPRIN_GLETSCHER,NW,TW, ice_sheet, 8431.8, 11308.30, 77.56610, -61.78270 
054,207,UPERNAVIK_ISSTROM_S,NW,TW, ice_sheet, 8398.1, 15626.55, 72.81440, -48.80499 
055,267,IC_153,NE,LT, ice_cap, 8212.0, 0.00, 81.21436, -15.55685 
056,009,SERMEQ_AVANNARLEQ2,CW,TW, ice_sheet, 7951.6, 17982.07, 70.96328, -44.31947 
057,003,KANGERLUSSUUP_SERMERSUA,CW,TW, ice_sheet, 7698.9, 14570.95, 71.80378, -46.66517 
058,054,MARIE_SOPHIE_GLETSCHER,NO,TW, ice_sheet, 7085.7, 5418.39, 81.46821, -37.60703 
059,092,FENRISGLETSCHER,SE,TW, ice_sheet, 6988.5, 6109.32, 67.01128, -37.48692 
060,029,USSING_BRAEER_N,NW,TW, ice_sheet, 6973.0, 15106.88, 74.28367, -48.37935 
061,076,JUNGERSEN_HENSON_NARAVANA,NO,LT, ice_sheet, 6955.5, 2077.02, 82.03670, -41.64529 
062,013,NARSAP_SERMIA,SW,TW, ice_sheet, 6637.1, 9331.36, 64.73254, -47.54578 
063,081,KANGILERNGATA_SERMIA,CW,TW, ice_sheet, 6286.4, 14189.18, 70.46821, -44.26786 
064,034,KJER_GLETSCHER,NW,TW, ice_sheet, 5998.2, 10430.17, 75.76999, -51.99505 
065,025,NUNATAKASSAAP_SERMIA,NW,TW, ice_sheet, 5833.8, 13029.76, 73.61543, -47.37489 
066,020,QAJUUTTAP_SERMIA,SW,TW, ice_sheet, 5643.0, 5326.81, 61.86697, -45.23474 
067,082,GRAULV,SE,TW, ice_sheet, 5571.3, 7850.42, 64.46896, -43.10903 
068,140,JAETTEGLETSCHER,NE,TW, ice_sheet, 5528.9, 6388.42, 73.24387, -30.65341 
069,202,F_GRAAE,CE,TW, ice_sheet, 5507.3, 8826.01, 72.61379, -31.40066 
070,019,SERMILIGAARSSUK_BRAE,SW,TW, ice_sheet, 5394.6, 5109.40, 61.99679, -46.96462 
071,145,STEENSBY_GLETSCHER,NO,TW, ice_sheet, 5394.4, 5364.86, 80.74381, -52.60972 
072,212,IKERTIVAQ_S,SE,TW, ice_sheet, 5300.2, 9315.82, 66.09916, -41.91451 
073,042,ISSUUARSUIT_SERMIA,NW,TW, ice_sheet, 5255.8, 7934.36, 77.02750, -58.77804 
074,227,AP_BERNSTOFF_GLETSCHER,SE,TW, ice_sheet, 5255.5, 6643.57, 63.98951, -43.02934 
075,157,DENDRITGLETSCHER,CE,TW, ice_sheet, 5114.8, 6820.44, 69.55435, -25.94592 
076,045,LEIDY-MARIE-SERMIARSUPALUK,NW,LT, ice_sheet, 4984.3, 3431.60, 77.06701, -64.50892 
077,063,IKERTIVAQ_NN,SE,TW, ice_sheet, 4972.1, 7664.43, 66.29487, -40.65380 
078,241,ADMIRALTY_TREFORK_KRUSBR_BORGJKEL_PONY,NE,LT, ice_sheet, 4730.5, 2374.42, 76.82735, -25.67168 
079,128,BLSEBR_GAMMEL_HELLERUP_GLETSJER,NE,LT, ice_sheet, 4721.5, 2812.03, 78.26926, -23.42324 
080,079,TINGMIARMIUT_FJORD,SE,TW, ice_sheet, 4577.0, 4747.39, 62.94477, -44.11478 
081,097,MAGGA_DAN_GLETSCHER,CE,TW, ice_sheet, 4440.5, 2746.93, 69.55812, -27.49803 
082,133,EQALORUTSIT_KILLIIT_SERMIAT,SW,TW, ice_sheet, 4399.3, 3512.95, 61.68770, -46.28556 
083,211,IKERTIVAQ_M,SE,TW, ice_sheet, 4366.3, 7985.74, 66.30020, -41.63778 
084,023,NW_NONAME1,NW,LT, ice_sheet, 4163.7, 4189.33, 72.51898, -51.44671 
085,144,WAHLENBERG_VIOLINGLETSJER,NE,LT, ice_sheet, 4159.4, 1614.95, 72.38409, -28.22803 
086,141,NORDENSKIOLD_NE,NE,TW, ice_sheet, 4076.6, 4427.24, 72.99107, -30.45089 
087,262,IC_134,NO,LT, ice_cap, 4056.7, 4730.24, 82.60922, -38.22129 
088,014,AKULLERSUUP-QAMANAARSUUP,SW,TW, ice_sheet, 4050.7, 4857.19, 64.51386, -47.79267 
089,027,QEQERTARSUUP_SERMIA,NW,TW, ice_sheet, 3928.4, 8654.52, 73.98684, -47.95410 
090,095,KIV_STEENSTRUP_NODRE_BRAE,CE,TW, ice_sheet, 3879.2, 1439.92, 66.92138, -35.58399 
091,189,UMIIVIK_FJORD,SE,TW, ice_sheet, 3762.6, 3530.90, 64.69483, -41.93672 
092,125,SKINFAXE,SE,TW, ice_sheet, 3685.9, 3836.00, 63.62455, -43.04451 
093,124,HEIMDAL_GLETSCHER,SE,TW, ice_sheet, 3641.5, 3983.55, 63.21559, -43.66180 
094,116,ANORITUUP_KANGERLUA,SE,TW, ice_sheet, 3587.4, 2644.53, 61.80238, -43.84634 
095,067,KOGE_BUGT_N,SE,TW, ice_sheet, 3578.6, 5726.64, 65.84585, -41.99779 
096,040,NORDENSKIOLD_GLESCHER_NW,NW,TW, ice_sheet, 3488.9, 6621.10, 76.57059, -53.02201 
097,243,POLARIC-DECEPTION_O_N,CE,TW, ice_sheet, 3487.7, 1872.53, 68.16576, -33.61646 
098,221,SERMEQ_AVANNARLEQ,CW,TW, ice_sheet, 3409.0, 7582.32, 70.35399, -44.08128 
099,146,GADE-MORELL,NW,TW, ice_sheet, 3399.9, 2955.79, 76.75457, -62.23435 
100,188,KOGE_BUGT_S,SE,TW, ice_sheet, 3398.6, 3634.28, 64.96458, -42.28601 
101,155,GEIKIE3,CE,TW, ice_sheet, 3335.3, 3305.16, 69.91959, -24.14997 
102,012,KANGILINNGUATA_SERMIA,SW,LT, ice_sheet, 3286.6, 3326.92, 64.96266, -48.33344 
103,110,SOUTHERN_TIP,SE,TW, ice_sheet, 3260.5, 3157.40, 60.53060, -43.72563 
104,018,AVANNARLEQ-NIGERLIKASIK,SW,TW, ice_sheet, 3220.1, 2043.37, 62.52911, -47.96583 
105,047,TRACY_GLETSCHER,NW,TW, ice_sheet, 3205.2, 3090.76, 77.85746, -64.11158 
106,051,NEWMAN_BUGT,NO,LT, ice_sheet, 3184.6, 1429.96, 81.10987, -57.53923 
107,345,IC_684,NW,LT, ice_cap, 3145.3, 2929.83, 76.97453, -68.77760 
108,001,GEIKIE_UNNAMED_VESTFORD_S,CE,TW, ice_sheet, 3101.9, 2844.09, 69.87073, -28.53203 
109,093,MIDGARDGLETSCHER,SE,TW, ice_sheet, 3051.1, 2743.74, 66.69411, -36.58929 
110,242,UNNAMED_UUNARTIT_ISLANDS,CE,TW, ice_sheet, 3049.8, 1806.50, 67.36578, -35.01729 
111,022,INNGIA_ISBRAE,NW,TW, ice_sheet, 2934.9, 2350.58, 72.35916, -51.46870 
112,192,RIMFAXE,SE,TW, ice_sheet, 2908.2, 2481.57, 63.40012, -43.19174 
113,143,HISINGER_GLETSCHER,NE,TW, ice_sheet, 2871.2, 3853.18, 72.82072, -30.62625 
114,099,FREDERIKSBORG_GLETSCHER,CE,TW, ice_sheet, 2820.5, 2288.21, 68.77571, -31.67768 
115,130,SIORALIK-ARSUK-QIPISAQQU,SW,LT, ice_sheet, 2772.1, 2192.60, 61.34611, -47.41889 
116,223,PETERMANN_GLETSCHER_N,NO,TW, ice_sheet, 2603.3, 1013.02, 80.89174, -58.92232 
117,388,IC_981,CE,LT, ice_cap, 2533.0, 1720.27, 71.85854, -25.60403 
118,030,CORNELL_GLETSCHER,NW,TW, ice_sheet, 2527.9, 4830.07, 74.34977, -49.58160 
119,007,LILLE_GLETSCHER,CW,TW, ice_sheet, 2517.0, 5239.13, 71.45167, -45.70209 
120,006,CW_NONAME2,CW,TW, ice_sheet, 2515.2, 5768.57, 71.61855, -45.00784 
121,106,PUISORTOQ_N,SE,TW, ice_sheet, 2497.1, 2611.82, 62.13674, -43.78465 
122,077,DOCKER_SMITH_GLETSCHER,NW,TW, ice_sheet, 2494.1, 3149.92, 76.90655, -60.50383 
123,151,BORGGRAVEN,CE,TW, ice_sheet, 2475.9, 1607.47, 69.03394, -28.22435 
124,000,UMIAMMAKKU_ISBRAE,NW,TW, ice_sheet, 2467.5, 1374.34, 72.08093, -51.41143 
125,150,KRONBORG,CE,TW, ice_sheet, 2444.2, 1544.85, 68.88452, -28.83867 
126,021,KIATTUUT-QOOQQUP,SW,TW, ice_sheet, 2386.5, 1154.08, 61.51639, -44.49764 
127,460,IC_1659,SW,LT, ice_cap, 2341.4, 1341.78, 66.00132, -50.96193 
128,254,IC_6,NO,LT, ice_cap, 2315.1, 1289.82, 83.34059, -35.99548 
129,064,MOGENS_HEINESEN_S,SE,TW, ice_sheet, 2305.0, 1912.85, 62.32957, -43.73951 
130,056,NO_NONAME3,NO,LT, ice_sheet, 2297.2, 1474.22, 80.76591, -29.54578 
131,191,GYLDENLOVE,SE,TW, ice_sheet, 2271.7, 1725.76, 64.25153, -42.36287 
132,400,IC_1110,CE,LT, ice_cap, 2205.4, 1073.12, 71.22492, -26.77221 
133,016,SW_NONAME1,SW,LT, ice_sheet, 2130.4, 924.96, 61.01855, -44.52311 
134,456,IC_1637,SW,LT, ice_cap, 2092.1, 849.30, 66.19541, -52.17209 
135,237,MOGENS_HEINESEN_N,SE,TW, ice_sheet, 2024.2, 2363.75, 62.60384, -44.19664 
136,041,NONAME_NORTH_OSCAR,NW,TW, ice_sheet, 1781.2, 2401.06, 76.86323, -58.28020 
137,210,IKERTIVAQ_N,SE,TW, ice_sheet, 1744.2, 2970.41, 66.32836, -41.25951 
138,205,SORTEBRAE,CE,LT, ice_sheet, 1640.2, 70.00, 68.96939, -27.23592 
139,071,EQIP_SERMIA,CW,TW, ice_sheet, 1640.1, 2898.41, 70.17551, -45.98284 
140,043,RINK_GLETSCHER,NW,TW, ice_sheet, 1634.8, 2251.53, 76.97432, -59.75838 
141,048,HARALD_MOLTKE_BRAE,NW,TW, ice_sheet, 1579.8, 70.00, 76.60355, -66.53184 
142,136,AVANNARLEQ_N,SW,LT, ice_sheet, 1575.3, 70.00, 62.57682, -48.43501 
143,249,KRUUSE_FJORD,CE,TW, ice_sheet, 1561.7, 70.00, 67.15358, -34.44856 
144,413,IC_1203,CE,LT, ice_cap, 1521.2, 70.00, 70.74194, -26.63111 
145,074,SORGENFRI,CE,TW, ice_sheet, 1475.6, 70.00, 68.56357, -30.97882 
146,149,ROSENBORG,CE,TW, ice_sheet, 1360.4, 70.00, 68.65740, -29.32467 
147,258,IC_75,NO,LT, ice_cap, 1340.4, 70.00, 82.88717, -31.17679 
148,053,NO_NONAME2,NO,LT, ice_sheet, 1319.5, 70.00, 81.20768, -46.93676 
149,153,BREDEGLETSJER,CE,TW, ice_sheet, 1270.4, 70.00, 70.08373, -25.21067 
150,303,IC_371,NE,LT, ice_cap, 1205.1, 70.00, 80.80588, -21.37577 
151,156,GEIKIE6,CE,TW, ice_sheet, 1204.0, 70.00, 68.97509, -26.45361 
152,072,SE_NONAME2,SE,TW, ice_sheet, 1178.7, 70.00, 63.93194, -40.88377 
153,050,NO_NONAME1,NO,LT, ice_sheet, 1177.9, 70.00, 79.88795, -60.65310 
154,152,SYDBR,CE,LT, ice_sheet, 1164.4, 70.00, 70.03028, -26.30442 
155,203,CHARCOT,CE,LT, ice_sheet, 1152.2, 1275.35, 72.27052, -30.49717 
156,103,MELVILLE_GLETSCHER,NW,TW, ice_sheet, 1144.7, 70.00, 77.96167, -66.34438 
157,147,DOCKER_SMITH_GLETSCHER_W,NW,TW, ice_sheet, 1143.7, 70.00, 76.63216, -61.39269 
158,214,BRIKKERNE_GLETSCHER,NO,TW, ice_sheet, 1123.8, 70.00, 81.72372, -43.21756 
159,107,MOGENS_HEINESEN_SS_SSS,SE,TW, ice_sheet, 1120.2, 70.00, 62.23962, -42.77438 
160,108,HARDER_GLETSCHER,NO,TW, ice_sheet, 1111.1, 70.00, 81.52729, -43.14833 
161,185,NONAME_IKERTIVAQ_N,SE,TW, ice_sheet, 1088.6, 70.00, 65.97648, -39.42957 
162,405,IC_1120,CE,LT, ice_cap, 1065.0, 70.00, 71.37793, -28.32808 
163,121,UNNAMED_LAUBE_S,CE,TW, ice_sheet, 1061.1, 70.00, 66.92707, -34.69177 
164,120,MAELKEVEJEN,SE,TW, ice_sheet, 1053.9, 70.00, 63.70276, -42.14860 
165,114,UNNAMED_HERLUF_TROLLE_N,SE,TW, ice_sheet, 1020.5, 70.00, 61.39187, -43.70276 
166,044,CARLOS,NW,TW, ice_sheet, 1001.4, 70.00, 76.65670, -63.57377 
167,324,IC_516,NE,LT, ice_cap, 997.1, 70.00, 79.90309, -18.34836 
168,319,IC_467,NE,LT, ice_cap, 992.0, 70.00, 80.35825, -19.32614 
169,201,BUSSEMAND,SE,LT, ice_sheet, 988.8, 70.00, 65.82405, -38.84594 
170,061,UNNAMED_KANGER_W,CE,TW, ice_sheet, 975.9, 70.00, 68.46266, -33.55061 
171,123,UNNAMED_POLARIC_S,CE,TW, ice_sheet, 967.4, 70.00, 67.88313, -33.64311 
172,163,BOWDOIN,NW,TW, ice_sheet, 913.5, 70.00, 77.88342, -67.99962 
173,441,IC_1470,CW,LT, ice_cap, 881.5, 70.00, 69.69897, -52.97907 
174,462,IC_1686,SW,LT, ice_cap, 875.6, 70.00, 65.79323, -52.13440 
175,087,SE_NONAME1,SE,TW, ice_sheet, 872.8, 70.00, 65.24248, -40.25136 
176,248,UNNAMED_DECEPTION_N,CE,TW, ice_sheet, 869.9, 70.00, 68.14903, -32.62348 
177,184,SAVISSUAQ,NW,TW, ice_sheet, 853.7, 70.00, 76.50995, -65.30042 
178,209,NAPASORSUAQ_N,SE,TW, ice_sheet, 830.4, 70.00, 61.89359, -43.09977 
179,196,YNGVAR_NIELSEN_BRAE,NW,TW, ice_sheet, 821.9, 70.00, 76.61642, -64.15844 
180,225,MOGENS_HEINESEN_C,SE,TW, ice_sheet, 814.3, 70.00, 62.48655, -43.79683 
181,321,IC_464,NO,LT, ice_cap, 811.8, 70.00, 80.75635, -64.19100 
182,314,IC_434,NE,LT, ice_cap, 808.6, 70.00, 80.34249, -17.12572 
183,317,IC_443,NO,LT, ice_cap, 787.1, 70.00, 80.93794, -62.58001 
184,113,UNNAMED_HERLUF_TROLLE_S,SE,TW, ice_sheet, 778.5, 70.00, 61.22169, -43.61224 
185,220,CW_NONAME1,CW,LT, ice_sheet, 747.4, 70.00, 69.63531, -49.62767 
186,112,UNNAMED_KANGERLULUK,SE,TW, ice_sheet, 738.5, 70.00, 61.10583, -43.91087 
187,198,HEIM_GLETSCHER,SE,TW, ice_sheet, 735.4, 70.00, 66.05749, -38.70049 
188,131,SERMILIK,SW,TW, ice_sheet, 722.4, 70.00, 61.28492, -46.95796 
189,089,SE_NONAME6,SE,LT, ice_sheet, 714.2, 70.00, 63.03645, -42.36320 
190,195,HELLAND,NW,TW, ice_sheet, 713.6, 70.00, 76.26796, -65.06313 
191,111,HERLUF_TROLLE-KANGERLULUK-DANELL,SE,TW, ice_sheet, 694.3, 70.00, 61.00046, -43.16967 
192,066,KOGE_BUGT_SS,SE,TW, ice_sheet, 694.0, 70.00, 64.81471, -41.64764 
193,119,UNNAMED_DANELL_FJORD,SE,TW, ice_sheet, 691.4, 70.00, 60.93886, -43.82172 
194,251,KNUD-RASMUSSEN,SE,LT, ice_sheet, 684.8, 70.00, 66.25311, -36.24747 
195,166,VERHOEFF,NW,LT, ice_sheet, 673.5, 70.00, 78.00738, -69.22466 
196,455,IC_1634,NO,LT, ice_cap, 659.3, 70.00, 66.17991, -36.73463 
197,127,FIMBULGETLSCHER,SE,TW, ice_sheet, 657.1, 70.00, 63.92860, -41.32532 
198,024,UPERNAVIK_ISSTROM_SS,NW,TW, ice_sheet, 644.4, 70.00, 72.70900, -53.56472 
199,190,APUSEERSERPIA,SE,TW, ice_sheet, 635.6, 70.00, 64.41344, -41.03219 
200,117,UNNAMED_ANORITUUP_KANGERLUA_S,SE,TW, ice_sheet, 625.9, 70.00, 61.46977, -43.32399 
201,377,IC_893,NE,LT, ice_cap, 601.2, 70.00, 73.30015, -27.49513 
202,250,GLACIERDEFRANCE,SE,TW, ice_sheet, 585.3, 70.00, 66.51172, -35.99497 
203,171,MORRIS_JESUP,NW,TW, ice_sheet, 577.0, 70.00, 78.01931, -70.53425 
204,425,IC_1335,CE,LT, ice_cap, 565.7, 70.00, 70.25690, -27.84572 
205,390,IC_1002,NE,LT, ice_cap, 547.4, 70.00, 72.19238, -26.19095 
206,278,IC_237,NO,LT, ice_cap, 544.9, 70.00, 81.99492, -32.59030 
207,253,IC_1,NO,LT, ice_cap, 543.8, 70.00, 83.39512, -28.60350 
208,135,NAAJAT_SERMIAT,SW,TW, ice_sheet, 539.9, 70.00, 61.39089, -46.75494 
209,065,NAPASORSUAQ_C_S,SE,TW, ice_sheet, 539.9, 70.00, 61.65689, -42.75153 
210,378,IC_908,NE,LT, ice_cap, 537.0, 70.00, 73.01440, -26.64643 
211,371,IC_857,NE,LT, ice_cap, 531.9, 70.00, 73.68611, -26.02010 
212,182,SAVISSUAQ_WWWW,NW,TW, ice_sheet, 530.8, 70.00, 76.25359, -67.81861 
213,134,QALERALLIT_SERMIAT,SW,LT, ice_sheet, 510.4, 70.00, 61.37128, -46.86548 
214,395,IC_1044,CE,LT, ice_cap, 494.5, 70.00, 71.93274, -27.33857 
215,280,IC_236,NO,LT, ice_cap, 484.7, 70.00, 81.87385, -28.37655 
216,208,PUISORTOQ_S,SE,TW, ice_sheet, 482.1, 70.00, 61.95720, -42.76742 
217,084,KANGERLUARSUUP_SERMIA,CW,TW, ice_sheet, 481.1, 70.00, 71.20482, -50.73991 
218,313,IC_348,NE,LT, ice_cap, 480.9, 70.00, 81.50907, -29.89043 
219,245,STYRTE,CE,TW, ice_sheet, 472.7, 70.00, 68.78965, -32.28292 
220,115,UNNAMED_ANORITUUP_KANGERLUA_SS,SE,TW, ice_sheet, 467.9, 70.00, 61.40653, -42.78832 
221,228,GEIKIE7,CE,TW, ice_sheet, 465.7, 70.00, 69.17705, -25.91693 
222,308,IC_392,NO,LT, ice_cap, 461.8, 70.00, 81.52409, -52.87966 
223,102,FARQUHAR_GLETSCHER,NW,TW, ice_sheet, 459.2, 70.00, 77.90099, -65.59485 
224,148,GEIKIE4,CE,LT, ice_sheet, 458.7, 70.00, 68.55718, -29.70236 
225,194,YNGVAR_NIELSEN_BRAE_W,NW,TW, ice_sheet, 453.5, 70.00, 76.59338, -64.62747 
226,244,NORDFJORD,CE,LT, ice_sheet, 440.6, 70.00, 68.77626, -32.67331 
227,416,IC_1263,CW,LT, ice_cap, 438.8, 70.00, 71.57688, -51.64554 
228,096,UNNAMED_KANGER_E,CE,TW, ice_sheet, 431.7, 70.00, 68.37418, -33.04612 
229,224,TUGTO,NW,LT, ice_sheet, 416.4, 70.00, 77.86675, -68.74665 
230,252,NIGERTULUUP_KATTILERTARPIA,SE,TW, ice_sheet, 414.9, 70.00, 66.52183, -35.31469 
231,132,ILORLIIT-SERMINNGUAQ,SW,LT, ice_sheet, 413.7, 70.00, 61.19016, -46.40268 
232,334,IC_607,NE,LT, ice_cap, 390.4, 70.00, 79.37486, -20.89652 
233,265,IC_140,NO,LT, ice_cap, 378.2, 70.00, 82.77089, -35.09631 
234,431,IC_1390,CW,LT, ice_cap, 374.8, 70.00, 70.42775, -51.92485 
235,300,IC_338,NO,LT, ice_cap, 374.0, 70.00, 81.59925, -31.16201 
236,275,IC_213,NO,LT, ice_cap, 371.9, 70.00, 82.27497, -51.09365 
237,090,SE_NONAME7,SE,LT, ice_sheet, 369.5, 70.00, 61.86417, -42.38905 
238,372,IC_870,NE,LT, ice_cap, 353.7, 70.00, 73.47441, -26.03312 
239,204,GEIKIE5,CE,LT, ice_sheet, 334.4, 70.00, 68.70830, -27.65676 
240,350,IC_730,NE,LT, ice_cap, 320.2, 70.00, 76.08489, -21.25930 
241,246,COURTAULD,CE,TW, ice_sheet, 319.2, 70.00, 68.59960, -32.06471 
242,360,IC_778,NE,LT, ice_cap, 317.7, 70.00, 74.88210, -22.15132 
243,392,IC_1001,CE,LT, ice_cap, 317.1, 70.00, 71.99508, -24.29009 
244,100,UNNAMED_SORGENFRI_W,CE,LT, ice_sheet, 313.3, 70.00, 68.22185, -30.90541 
245,173,DIEBITSCH,NW,TW, ice_sheet, 306.9, 70.00, 78.04342, -71.38455 
246,342,IC_674,NW,LT, ice_cap, 304.3, 70.00, 77.58390, -69.15080 
247,088,SE_NONAME5,SE,LT, ice_sheet, 300.2, 70.00, 63.61537, -41.18951 
248,142,PASSAGE_CHARPENTIER_GLETSCHER,NE,LT, ice_sheet, 294.8, 70.00, 72.88345, -28.30402 
249,231,GYLDENLOVE_S,SE,TW, ice_sheet, 289.6, 70.00, 64.12382, -41.63086 
250,361,IC_780,NE,LT, ice_cap, 284.5, 70.00, 74.66188, -21.71604 
251,469,IC_1732,SW,LT, ice_cap, 284.3, 70.00, 63.79258, -50.69249 
252,233,SAVISSUAQ_W,NW,TW, ice_sheet, 282.8, 70.00, 76.41668, -66.14540 
253,104,SHARP,NW,TW, ice_sheet, 271.5, 70.00, 77.84833, -67.14894 
254,282,IC_263,NE,LT, ice_cap, 269.5, 70.00, 81.48784, -22.52810 
255,098,GEIKIE1,CE,LT, ice_sheet, 268.2, 70.00, 70.22123, -25.68629 
256,387,IC_962,NE,LT, ice_cap, 266.8, 70.00, 72.60241, -26.87941 
257,230,KIV_STEENSTRUP_SONDRE_BRAE,CE,TW, ice_sheet, 257.7, 70.00, 66.51162, -34.87327 
258,259,IC_93,NO,LT, ice_cap, 256.6, 70.00, 82.89117, -28.36374 
259,426,IC_1341,CE,LT, ice_cap, 254.9, 70.00, 70.34639, -28.65430 
260,381,IC_929,NE,LT, ice_cap, 254.8, 70.00, 72.88853, -26.33150 
261,368,IC_827,NE,LT, ice_cap, 254.7, 70.00, 73.99200, -25.04840 
262,229,UNNAMED_POLARIC_C,CE,LT, ice_sheet, 249.5, 70.00, 67.76482, -32.99932 
263,384,IC_950,NE,LT, ice_cap, 248.0, 70.00, 72.75160, -27.22757 
264,234,SAVISSUAQ_WW,NW,TW, ice_sheet, 246.8, 70.00, 76.37738, -66.76721 
265,197,MOHN_GLETSJER,NW,LT, ice_sheet, 245.2, 70.00, 76.26058, -63.79983 
266,440,IC_1468,CW,LT, ice_cap, 243.6, 70.00, 69.80535, -53.66981 
267,232,NW_NONAME3,NW,LT, ice_sheet, 242.1, 70.00, 76.24630, -66.47783 
268,187,NONAME_IKERTIVAQ_S,SE,TW, ice_sheet, 238.0, 70.00, 65.39012, -40.14383 
269,038,STORM,NO,LT, ice_sheet, 231.9, 70.00, 78.13001, -72.22226 
270,129,QAJUUTTAP_SERMIA_N,SW,LT, ice_sheet, 228.8, 70.00, 61.46311, -45.94490 
271,236,SAVISSUAQ_WWW,NW,LT, ice_sheet, 227.4, 70.00, 76.31551, -67.36305 
272,263,IC_126,NO,LT, ice_cap, 221.1, 70.00, 82.97862, -44.67164 
273,186,APUSEERAJIK,SE,TW, ice_sheet, 220.9, 70.00, 66.18331, -38.33024 
274,161,HUBBARD,NW,LT, ice_sheet, 214.1, 70.00, 77.68383, -67.72398 
275,277,IC_238,NO,LT, ice_cap, 212.0, 70.00, 82.01581, -57.88976 
276,276,IC_208,NO,LT, ice_cap, 210.6, 70.00, 82.43545, -47.60365 
277,380,IC_928,NE,LT, ice_cap, 208.9, 70.00, 73.02433, -27.75720 
278,327,IC_551,NO,LT, ice_cap, 206.8, 70.00, 80.17880, -65.82870 
279,091,SE_NONAME8,SE,LT, ice_sheet, 202.3, 70.00, 62.60118, -42.93350 
280,393,IC_1034,NE,LT, ice_cap, 200.8, 70.00, 72.06164, -27.17152 
281,394,IC_1038,CE,LT, ice_cap, 198.2, 70.00, 71.38146, -22.07880 
282,181,SAVISSUAQ_UNNAMED3,NW,LT, ice_sheet, 196.3, 70.00, 76.45891, -68.07415 
283,004,CW_NONAME3,CW,LT, ice_sheet, 196.3, 70.00, 71.11144, -50.81552 
284,399,IC_1105,CE,LT, ice_cap, 195.6, 70.00, 70.91115, -22.08136 
285,312,IC_393,NO,LT, ice_cap, 190.6, 70.00, 81.62512, -53.74033 
286,180,PITUGFIK,NW,LT, ice_sheet, 190.4, 70.00, 76.29755, -68.39600 
287,288,IC_287,NO,LT, ice_cap, 188.9, 70.00, 82.06970, -44.96149 
288,122,LAUBE_GLETSCHER,CE,TW, ice_sheet, 187.7, 70.00, 66.87812, -34.20677 
289,446,IC_1554,CE,LT, ice_cap, 182.2, 70.00, 68.39322, -31.96035 
290,451,IC_1591,CE,LT, ice_cap, 182.0, 70.00, 67.12259, -33.77725 
291,109,UNNAMED_SOUTH_DANELL_FJORD,SE,TW, ice_sheet, 178.7, 70.00, 60.82825, -43.76664 
292,326,IC_538,NO,LT, ice_cap, 167.8, 70.00, 80.42792, -63.77200 
293,118,SE_NONAME9,SE,LT, ice_sheet, 167.8, 70.00, 61.25972, -43.08204 
294,408,IC_1160,CW,LT, ice_cap, 166.0, 70.00, 71.98397, -53.05466 
295,362,IC_789,NE,LT, ice_cap, 162.1, 70.00, 74.28917, -21.10899 
296,274,IC_224,NO,LT, ice_cap, 162.1, 70.00, 82.32321, -46.65283 
297,418,IC_1304,CW,LT, ice_cap, 160.6, 70.00, 71.27743, -52.83087 
298,272,IC_209,NO,LT, ice_cap, 154.1, 70.00, 82.45027, -41.61779 
299,291,IC_293,NO,LT, ice_cap, 152.5, 70.00, 82.04328, -44.20860 
300,410,IC_1168,CW,LT, ice_cap, 151.2, 70.00, 71.95599, -52.45000 
301,338,IC_643,NE,LT, ice_cap, 151.1, 70.00, 77.70214, -19.78006 
302,336,IC_613,NE,LT, ice_cap, 150.8, 70.00, 79.21855, -20.08397 
303,376,IC_884,NE,LT, ice_cap, 150.3, 70.00, 73.22162, -25.25975 
304,354,IC_755,NE,LT, ice_cap, 150.0, 70.00, 75.68615, -21.73785 
305,346,IC_697,NW,LT, ice_cap, 148.4, 70.00, 77.31715, -67.77540 
306,247,KOLVEGLETSJER,CE,LT, ice_sheet, 148.3, 70.00, 68.32445, -32.58311 
307,450,IC_1588,CE,LT, ice_cap, 147.8, 70.00, 67.30713, -33.68350 
308,305,IC_382,NO,LT, ice_cap, 145.2, 70.00, 81.72965, -51.12506 
309,343,IC_678,NE,LT, ice_cap, 144.4, 70.00, 77.15903, -18.81900 
310,468,IC_1722,NO,LT, ice_cap, 137.5, 70.00, 64.24092, -40.88289 
311,415,IC_1221,CE,LT, ice_cap, 136.6, 70.00, 71.07084, -28.19740 
312,332,IC_599,NO,LT, ice_cap, 135.6, 70.00, 80.02933, -63.60447 
313,316,IC_433,NE,LT, ice_cap, 135.6, 70.00, 80.67595, -20.01380 
314,174,BAMSE,NW,LT, ice_sheet, 135.0, 70.00, 78.03084, -71.87521 
315,340,IC_669,NW,LT, ice_cap, 134.9, 70.00, 77.39125, -71.89639 
316,428,IC_1365,CW,LT, ice_cap, 133.0, 70.00, 70.64650, -52.87685 
317,409,IC_1155,CW,LT, ice_cap, 132.2, 70.00, 71.91571, -53.68194 
318,199,BRCKNER_GLETSCHER,SE,TW, ice_sheet, 132.2, 70.00, 65.90449, -38.60417 
319,226,GYLDENLOVE_SS,SE,TW, ice_sheet, 131.9, 70.00, 64.10942, -41.31059 
320,352,IC_749,NE,LT, ice_cap, 131.2, 70.00, 75.79493, -21.87642 
321,385,IC_949,NE,LT, ice_cap, 130.3, 70.00, 72.84333, -27.91591 
322,164,SUN,NW,LT, ice_sheet, 129.9, 70.00, 77.85558, -69.22245 
323,407,IC_1147,CW,LT, ice_cap, 129.1, 70.00, 71.98165, -54.10754 
324,464,IC_1712,SW,LT, ice_cap, 128.9, 70.00, 65.57443, -52.18845 
325,467,IC_1720,NO,LT, ice_cap, 128.2, 70.00, 64.49287, -40.35041 
326,183,SAVISSUAQ_UNNAMED4,NW,LT, ice_sheet, 126.9, 70.00, 76.11365, -67.99955 
327,454,IC_1611,NO,LT, ice_cap, 126.5, 70.00, 66.31551, -35.92687 
328,337,IC_638,NE,LT, ice_cap, 126.5, 70.00, 77.73248, -17.74945 
329,154,GEIKIE2,CE,LT, ice_sheet, 126.4, 70.00, 70.24103, -24.84243 
330,414,IC_1218,CW,LT, ice_cap, 126.1, 70.00, 71.75220, -51.95723 
331,177,SAVISSUAQ_WWWWW,NW,LT, ice_sheet, 124.5, 70.00, 76.08623, -67.39226 
332,406,IC_1141,CE,LT, ice_cap, 123.6, 70.00, 70.72682, -21.99621 
333,353,IC_752,NE,LT, ice_cap, 123.1, 70.00, 75.63414, -21.05382 
334,257,IC_91,NO,LT, ice_cap, 119.8, 70.00, 82.73556, -23.83429 
335,355,IC_759,NE,LT, ice_cap, 115.5, 70.00, 75.54461, -22.09002 
336,329,IC_557,NO,LT, ice_cap, 115.5, 70.00, 80.22412, -64.74680 
337,453,IC_1598,NO,LT, ice_cap, 115.3, 70.00, 66.48157, -35.47622 
338,423,IC_1324,CW,LT, ice_cap, 115.2, 70.00, 71.18175, -51.55150 
339,398,IC_1095,CE,LT, ice_cap, 113.7, 70.00, 71.61096, -26.84821 
340,179,NW_NONAME2,NW,LT, ice_sheet, 110.9, 70.00, 76.41734, -65.92578 
341,459,IC_1655,NO,LT, ice_cap, 110.7, 70.00, 66.02743, -36.08035 
342,309,IC_394,NO,LT, ice_cap, 109.4, 70.00, 81.57781, -56.57865 
343,170,SIORARSUAQ,NW,LT, ice_sheet, 107.3, 70.00, 77.84774, -70.85650 
344,356,IC_764,NE,LT, ice_cap, 107.2, 70.00, 75.41782, -22.15680 
345,401,IC_1108,CE,LT, ice_cap, 107.0, 70.00, 71.33879, -25.67075 
346,078,SE_NONAME4,SE,LT, ice_sheet, 104.1, 70.00, 62.81073, -42.87630 
347,176,SAVISSUAQ_UNNAMED1,NW,LT, ice_sheet, 103.3, 70.00, 76.01362, -66.91380 
348,447,IC_1555,CE,LT, ice_cap, 100.5, 70.00, 68.42876, -32.69755 
349,320,IC_442,NO,LT, ice_cap, 97.9, 70.00, 81.33652, -56.23792 
350,429,IC_1366,CW,LT, ice_cap, 94.7, 70.00, 70.63075, -53.40374 
351,397,IC_1093,CE,LT, ice_cap, 93.0, 70.00, 71.74505, -28.09691 
352,302,IC_366,NO,LT, ice_cap, 92.8, 70.00, 81.86737, -47.38927 
353,379,IC_909,NE,LT, ice_cap, 92.6, 70.00, 73.00800, -25.42206 
354,474,IC_1772,NO,LT, ice_cap, 90.7, 70.00, 63.21309, -41.66992 
355,391,IC_996,NE,LT, ice_cap, 90.0, 70.00, 72.13957, -24.69309 
356,412,IC_1202,CW,LT, ice_cap, 89.3, 70.00, 71.80427, -52.74451 
357,322,IC_487,NE,LT, ice_cap, 85.0, 70.00, 80.89658, -26.92530 
358,369,IC_831,NE,LT, ice_cap, 84.3, 70.00, 73.97395, -25.46673 
359,367,IC_818,NE,LT, ice_cap, 83.1, 70.00, 73.91653, -23.06156 
360,298,IC_376,NE,LT, ice_cap, 83.1, 70.00, 81.36461, -25.66454 
361,296,IC_334,NO,LT, ice_cap, 81.0, 70.00, 81.82832, -55.70752 
362,200,SE_NONAME10,SE,LT, ice_sheet, 79.9, 70.00, 66.10616, -38.23059 
363,403,IC_1113,CW,LT, ice_cap, 79.7, 70.00, 72.12064, -54.23770 
364,471,IC_1753,SW,LT, ice_cap, 79.3, 70.00, 63.43878, -50.19636 
365,438,IC_1444,CW,LT, ice_cap, 78.1, 70.00, 70.11880, -51.71730 
366,476,IC_1798,NO,LT, ice_cap, 77.9, 70.00, 62.52813, -42.69380 
367,473,IC_1761,SW,LT, ice_cap, 77.7, 70.00, 63.31593, -50.47182 
368,373,IC_871,NE,LT, ice_cap, 77.3, 70.00, 73.56654, -26.55067 
369,427,IC_1347,CW,LT, ice_cap, 77.2, 70.00, 70.97419, -51.50073 
370,311,IC_405,NO,LT, ice_cap, 76.9, 70.00, 81.59462, -55.12757 
371,304,IC_361,NO,LT, ice_cap, 76.5, 70.00, 81.19775, -67.74471 
372,452,IC_1599,NO,LT, ice_cap, 75.2, 70.00, 66.41634, -34.89199 
373,315,IC_417,NO,LT, ice_cap, 73.1, 70.00, 81.57507, -51.89093 
374,284,IC_255,NE,LT, ice_cap, 72.7, 70.00, 81.37873, -19.96231 
375,359,IC_775,NE,LT, ice_cap, 72.5, 70.00, 75.08242, -22.37891 
376,389,IC_990,NE,LT, ice_cap, 72.3, 70.00, 72.34853, -25.91906 
377,382,IC_939,NE,LT, ice_cap, 71.4, 70.00, 72.73870, -25.44575 
378,310,IC_409,NE,LT, ice_cap, 70.8, 70.00, 81.24535, -26.36156 
379,444,IC_1546,CE,LT, ice_cap, 69.7, 70.00, 68.36659, -29.50296 
380,437,IC_1445,CW,LT, ice_cap, 69.2, 70.00, 70.02125, -53.22321 
381,448,IC_1572,CE,LT, ice_cap, 69.0, 70.00, 68.27216, -32.44330 
382,339,IC_641,NW,LT, ice_cap, 68.7, 70.00, 77.77053, -69.89472 
383,261,IC_109,NO,LT, ice_cap, 68.0, 70.00, 83.12061, -43.39457 
384,159,HART,NW,LT, ice_sheet, 67.5, 70.00, 77.75715, -67.31891 
385,420,IC_1303,CW,LT, ice_cap, 66.3, 70.00, 71.38925, -51.39815 
386,279,IC_250,NO,LT, ice_cap, 66.1, 70.00, 82.11942, -55.10920 
387,419,IC_1302,CW,LT, ice_cap, 65.8, 70.00, 71.36584, -51.92511 
388,264,IC_145,NO,LT, ice_cap, 65.3, 70.00, 82.92762, -43.24507 
389,306,IC_387,NO,LT, ice_cap, 65.0, 70.00, 81.73442, -52.29868 
390,307,IC_397,NO,LT, ice_cap, 64.7, 70.00, 81.71913, -49.28474 
391,436,IC_1417,CW,LT, ice_cap, 63.5, 70.00, 70.23048, -51.31917 
392,268,IC_146,NO,LT, ice_cap, 63.1, 70.00, 82.64084, -28.43769 
393,348,IC_721,NE,LT, ice_cap, 60.6, 70.00, 76.37505, -21.88852 
394,162,GABLE_MIRROR,NW,LT, ice_sheet, 60.0, 70.00, 77.63959, -68.12307 
395,375,IC_883,NE,LT, ice_cap, 59.1, 70.00, 73.43342, -26.87382 
396,434,IC_1406,CW,LT, ice_cap, 59.0, 70.00, 70.24578, -51.79991 
397,273,IC_210,NO,LT, ice_cap, 58.0, 70.00, 82.49615, -46.95101 
398,430,IC_1387,CW,LT, ice_cap, 57.8, 70.00, 70.52885, -52.53193 
399,292,IC_306,NO,LT, ice_cap, 55.2, 70.00, 81.83552, -57.43061 
400,318,IC_454,NE,LT, ice_cap, 55.0, 70.00, 81.09545, -27.34899 
401,344,IC_692,NE,LT, ice_cap, 54.6, 70.00, 77.22589, -20.59809 
402,466,IC_1717,NO,LT, ice_cap, 54.5, 70.00, 64.64208, -40.47708 
403,301,IC_368,NE,LT, ice_cap, 54.3, 70.00, 81.32839, -24.27834 
404,287,IC_317,NE,LT, ice_cap, 53.5, 70.00, 81.44711, -23.60089 
405,457,IC_1648,NO,LT, ice_cap, 53.4, 70.00, 66.17405, -35.94821 
406,404,IC_1119,CE,LT, ice_cap, 53.2, 70.00, 71.58995, -28.30096 
407,299,IC_373,NO,LT, ice_cap, 52.9, 70.00, 81.85331, -48.98837 
408,470,IC_1742,SW,LT, ice_cap, 50.5, 70.00, 63.68929, -50.79307 
409,266,IC_139,NO,LT, ice_cap, 50.4, 70.00, 82.70242, -28.99847 
410,449,IC_1585,CE,LT, ice_cap, 50.1, 70.00, 67.58838, -33.25160 
411,357,IC_769,NE,LT, ice_cap, 49.0, 70.00, 75.18599, -21.80113 
412,328,IC_558,NE,LT, ice_cap, 49.0, 70.00, 80.02297, -21.80464 
413,396,IC_1088,CE,LT, ice_cap, 48.4, 70.00, 71.83609, -28.48248 
414,370,IC_846,NE,LT, ice_cap, 48.1, 70.00, 73.87334, -25.87495 
415,386,IC_956,NE,LT, ice_cap, 47.6, 70.00, 72.30413, -22.71298 
416,433,IC_1395,CW,LT, ice_cap, 47.4, 70.00, 70.33393, -52.59380 
417,295,IC_350,NO,LT, ice_cap, 47.1, 70.00, 81.71872, -31.62792 
418,472,IC_1760,NO,LT, ice_cap, 46.9, 70.00, 63.42083, -41.73022 
419,335,IC_608,NE,LT, ice_cap, 46.5, 70.00, 79.10167, -17.81845 
420,281,IC_267,NE,LT, ice_cap, 46.1, 70.00, 81.30621, -18.87263 
421,402,IC_1106,CW,LT, ice_cap, 45.9, 70.00, 72.19434, -53.92717 
422,260,IC_119,NO,LT, ice_cap, 44.8, 70.00, 82.79115, -28.50820 
423,269,IC_155,NO,LT, ice_cap, 44.3, 70.00, 82.90395, -46.40111 
424,417,IC_1274,CE,LT, ice_cap, 44.1, 70.00, 70.83098, -27.47742 
425,333,IC_604,NO,LT, ice_cap, 44.0, 70.00, 80.09874, -61.39815 
426,168,MEEHAN,NW,LT, ice_sheet, 43.7, 70.00, 77.91740, -70.14491 
427,256,IC_50,NO,LT, ice_cap, 43.1, 70.00, 83.24476, -31.99309 
428,286,IC_329,NE,LT, ice_cap, 43.0, 70.00, 81.34723, -22.38250 
429,358,IC_771,NW,LT, ice_cap, 42.4, 70.00, 75.87347, -59.57646 
430,439,IC_1456,CW,LT, ice_cap, 42.1, 70.00, 69.94904, -53.55813 
431,331,IC_588,NE,LT, ice_cap, 41.9, 70.00, 79.74223, -19.62975 
432,349,IC_722,NE,LT, ice_cap, 41.2, 70.00, 76.18766, -20.43776 
433,458,IC_1653,NO,LT, ice_cap, 40.7, 70.00, 66.19921, -37.28761 
434,293,IC_357,NE,LT, ice_cap, 40.1, 70.00, 81.41695, -25.19299 
435,461,IC_1689,NO,LT, ice_cap, 39.4, 70.00, 65.89213, -37.38939 
436,435,IC_1418,CW,LT, ice_cap, 39.1, 70.00, 70.14660, -53.52399 
437,365,IC_819,NE,LT, ice_cap, 38.9, 70.00, 73.81236, -22.09277 
438,330,IC_589,NE,LT, ice_cap, 38.3, 70.00, 79.93484, -21.82885 
439,421,IC_1318,CW,LT, ice_cap, 37.7, 70.00, 71.26840, -51.20928 
440,289,IC_300,NE,LT, ice_cap, 37.7, 70.00, 81.19841, -19.46912 
441,172,MORRIS_JESUP_W,NW,LT, ice_sheet, 37.7, 70.00, 77.92216, -71.33665 
442,364,IC_808,NE,LT, ice_cap, 37.5, 70.00, 73.88763, -21.45319 
443,383,IC_944,NE,LT, ice_cap, 36.8, 70.00, 72.66202, -24.99315 
444,442,IC_1480,CW,LT, ice_cap, 36.6, 70.00, 69.76228, -54.18350 
445,475,IC_1781,SW,LT, ice_cap, 35.0, 70.00, 63.08555, -49.99728 
446,478,IC_1808,NO,LT, ice_cap, 34.6, 70.00, 60.82188, -42.99729 
447,411,IC_1179,CE,LT, ice_cap, 34.4, 70.00, 70.53033, -21.71301 
448,255,IC_55,NO,LT, ice_cap, 34.0, 70.00, 83.09051, -27.62646 
449,477,IC_1797,NO,LT, ice_cap, 33.9, 70.00, 62.57635, -42.58528 
450,323,IC_527,NO,LT, ice_cap, 33.2, 70.00, 80.67225, -62.06823 
451,178,SAVISSUAQ_UNNAMED2,NW,LT, ice_sheet, 33.2, 70.00, 76.13472, -67.23987 
452,297,IC_362,NO,LT, ice_cap, 32.7, 1421.70, 81.89894, -45.11423 
453,479,IC_1834,NO,LT, ice_cap, 32.6, 70.00, 60.10146, -43.89794 
454,366,IC_816,NE,LT, ice_cap, 32.6, 70.00, 73.95323, -22.61058 
455,347,IC_709,NE,LT, ice_cap, 32.6, 70.00, 76.99532, -21.32337 
456,363,IC_803,NE,LT, ice_cap, 32.3, 70.00, 74.28921, -24.53645 
457,294,IC_343,NE,LT, ice_cap, 32.1, 70.00, 81.13166, -19.95293 
458,270,IC_164,NO,LT, ice_cap, 31.9, 70.00, 81.95931, -17.64414 
459,465,IC_1715,SW,LT, ice_cap, 31.7, 70.00, 65.42421, -52.08891 
460,285,IC_303,NO,LT, ice_cap, 31.7, 70.00, 81.53554, -24.48382 
461,290,IC_332,NO,LT, ice_cap, 31.5, 70.00, 81.86649, -56.20613 
462,443,IC_1534,CW,LT, ice_cap, 31.4, 70.00, 69.32477, -53.60613 
463,445,IC_1550,CE,LT, ice_cap, 31.1, 70.00, 68.58005, -32.30228 
464,271,IC_200,NO,LT, ice_cap, 31.0, 70.00, 82.63952, -42.19573 
465,432,IC_1394,CE,LT, ice_cap, 30.9, 70.00, 69.37212, -24.88977 
466,424,IC_1332,CW,LT, ice_cap, 30.9, 70.00, 71.14981, -51.96398 
467,422,IC_1323,CE,LT, ice_cap, 30.6, 70.00, 70.39708, -27.04398 
468,463,IC_1706,NO,LT, ice_cap, 30.5, 70.00, 65.70689, -37.79769 
469,374,IC_875,NE,LT, ice_cap, 30.5, 70.00, 73.38908, -24.90655 
470,283,IC_292,NO,LT, ice_cap, 30.5, 70.00, 81.85385, -30.38713 
471,325,IC_535,NO,LT, ice_cap, 30.3, 70.00, 80.41001, -65.74876 
472,351,IC_739,NE,LT, ice_cap, 30.1, 70.00, 75.90633, -21.39106 
473,341,IC_676,NW,LT, ice_cap, 30.1, 70.00, 77.43315, -70.58629 
474,235,NW_NONAME4,NW,LT, ice_sheet, 22.8, 70.00, 76.29331, -67.08810 
475,167,VERHOEFF_W,NW,LT, ice_sheet, 22.0, 70.00, 77.88517, -70.03277 
476,160,HART_W,NW,LT, ice_sheet, 19.4, 70.00, 77.69854, -67.38203 
477,165,SUN_W,NW,LT, ice_sheet, 15.8, 70.00, 77.84100, -69.50992 
478,169,MEEHAN_W,NW,LT, ice_sheet, 10.3, 70.00, 77.92200, -70.36327 
479,158,SHARP_W,NW,LT, ice_sheet, 9.2, 70.00, 77.73307, -67.08978 
480,193,SAVISSUAQ-HELLAND-YNGVAR_NIELSEN-MOHN-CARLOS,NW,LT, ice_sheet, 0.1, 70.00, 76.38351, -64.28330 
